Date,spot_ER_Brazil,SR_interest_rate_brazil,SR_interest_rate_USA,SR_Interest_rate_diff_B_U,CPI_Inflation_Brazil,CPI_inflation_USA,CPI_inflation_diff_B_U,Oil_price_growth_rate_WTI,global_EPU_PPP,log_GEPU,gprc_brazil,US_EMV,US_MPU
1997-01-01,1.04,25.05,5.25,19.8,9.39,3.04,6.35,33.32,76.65295539,1.884528904,0.02,21.0498,83
1997-02-01,1.05,24.46,5.19,19.27,8.82,3.03,5.78,16.44,80.08116938,1.903530406,0.01,19.481,88
1997-03-01,1.06,23.87,5.39,18.48,8.99,2.76,6.23,-1.7,65.3754012,1.815414367,0.02,22.9562,91
1997-04-01,1.06,23.58,5.51,18.07,8.58,2.5,6.09,-16.22,74.74248366,1.873567525,0.04,23.8621,79
1997-05-01,1.07,23.58,5.5,18.08,7.71,2.23,5.48,-1.94,73.5207368,1.866409851,0.02,17.6622,117
1997-06-01,1.07,23.58,5.56,18.02,7.02,2.3,4.72,-6.28,79.76479826,1.901811271,0.01,20.716,52
1997-07-01,1.08,23.58,5.52,18.06,6.08,2.23,3.85,-7.9,61.80750875,1.791041239,0.02,20.1744,68
1997-08-01,1.09,23.58,5.54,18.04,5.59,2.23,3.37,-9.12,58.75933249,1.769076854,0.03,20.9497,54
1997-09-01,1.09,23.58,5.54,18.04,5.5,2.15,3.34,-17.26,64.90825988,1.812299966,0.02,19.0894,43
1997-10-01,1.1,24.5,5.5,19,5.42,2.08,3.34,-14.61,78.46978399,1.894702457,0.05,32.7025,104
1997-11-01,1.11,46.44,5.52,40.92,5.27,1.83,3.44,-15.34,89.57502247,1.952186926,0.03,28.9908,92
1997-12-01,1.11,45.09,5.5,39.59,5.22,1.7,3.52,-28.24,94.7603401,1.976626611,0.03,25.8091,114
1998-01-01,1.12,42.9,5.56,37.34,4.73,1.57,3.16,-33.54,92.53541529,1.966307978,0.03,32.1575,115
1998-02-01,1.13,42,5.51,36.49,4.69,1.44,3.25,-27.71,80.72247067,1.906994446,0.03,20.0263,155
1998-03-01,1.13,38.54,5.49,33.05,4.52,1.37,3.14,-28.38,81.61952572,1.911794067,0.04,17.9403,67
1998-04-01,1.14,36.55,5.45,31.1,3.85,1.44,2.42,-22.64,71.77646482,1.855982064,0.02,22.2622,84
1998-05-01,1.15,33.3,5.49,27.81,3.95,1.69,2.26,-28.81,79.39798589,1.899809486,0.05,22.9888,127
1998-06-01,1.15,29.41,5.56,23.85,3.41,1.68,1.72,-28.69,80.0946193,1.903603341,0.08,24.2027,72
1998-07-01,1.16,27.8,5.54,22.26,3.06,1.68,1.38,-28.17,96.18788872,1.983120392,0.02,27.6376,75
1998-08-01,1.17,25.75,5.55,20.2,2.55,1.62,0.94,-32.94,105.8453873,2.024671936,0.07,39.7531,167
1998-09-01,1.18,42.34,5.51,36.83,2.27,1.49,0.78,-24.52,137.4257123,2.138067997,0.02,50.1519,166
1998-10-01,1.19,49.75,5.07,44.68,2.05,1.49,0.57,-32.34,113.4011123,2.054617314,0.03,43.7855,113
1998-11-01,1.19,44.88,4.83,40.05,1.76,1.55,0.21,-36.32,89.47378557,1.951695812,0.05,34.8591,179
1998-12-01,1.21,39.41,4.68,34.73,1.65,1.61,0.04,-38.46,87.53263586,1.942170007,0.04,25.6414,83
1999-01-01,1.51,38.25,4.63,33.62,1.65,1.67,-0.03,-25.74,95.32168988,1.979191733,0.07,34.0182,135
1999-02-01,1.93,41,4.76,36.24,2.24,1.61,0.64,-25.26,77.95732359,1.891856921,0.03,21.4388,102
1999-03-01,1.91,46,4.81,41.19,3.02,1.73,1.29,-2.39,61.62885796,1.78978412,0.04,22.8771,62
1999-04-01,1.7,32,4.74,27.26,3.35,2.28,1.07,13.49,58.40311426,1.766436006,0.03,21.4323,63
1999-05-01,1.69,27.34,4.74,22.6,3.14,2.09,1.05,19.51,72.05566455,1.857668128,0,19.4834,94
1999-06-01,1.77,22.17,4.76,17.41,3.32,1.96,1.35,30.96,70.95704301,1.850995509,0.02,20.6015,116
1999-07-01,1.8,20.85,4.99,15.86,4.57,2.14,2.42,42.25,70.46956739,1.848001605,0.03,23.3921,116
1999-08-01,1.89,19.5,5.07,14.43,5.69,2.26,3.43,59.08,61.10668178,1.786088701,0.03,26.1307,81
1999-09-01,1.9,19.37,5.22,14.15,6.25,2.63,3.62,59.38,65.15569043,1.813952351,0.03,22.0963,97
1999-10-01,1.97,19,5.2,13.8,7.5,2.56,4.94,57.01,66.89729979,1.825408588,0.02,25.3247,106
1999-11-01,1.93,19,5.42,13.58,8.65,2.62,6.03,96.21,65.20304535,1.81426788,0.02,19.4461,110
1999-12-01,1.84,19,5.3,13.7,8.94,2.68,6.26,131.14,56.47255497,1.751837437,0.03,17.2369,86
2000-01-01,1.81,19,5.45,13.55,8.85,2.74,6.11,118.92,61.92893546,1.791893615,0.03,24.4129,74
2000-02-01,1.78,19,5.73,13.27,7.86,3.22,4.64,144.6,54.16669178,1.733732312,0.02,19.9134,37
2000-03-01,1.74,18.95,5.85,13.1,6.92,3.76,3.17,103.89,57.8551765,1.762342223,0.02,26.1047,117
2000-04-01,1.77,18.5,6.02,12.48,6.77,3.07,3.71,49.03,60.73983329,1.783473596,0.03,43.4291,78
2000-05-01,1.83,18.5,6.27,12.23,6.47,3.19,3.28,62.5,83.03057365,1.919238038,0.02,34.3084,155
2000-06-01,1.81,18.17,6.53,11.64,6.51,3.73,2.78,78.09,82.18845018,1.914810791,0.04,24.22,117
2000-07-01,1.8,16.95,6.54,10.41,7.06,3.66,3.4,49.51,58.74821646,1.768994686,0.02,20.3277,73
2000-08-01,1.81,16.5,6.5,10,7.86,3.41,4.44,46.86,51.14142936,1.708772862,0.03,18.0472,64
2000-09-01,1.84,16.5,6.52,9.98,7.77,3.45,4.31,42.29,61.39211602,1.788112603,0.04,18.5984,58
2000-10-01,1.88,16.5,6.51,9.99,6.65,3.45,3.2,46.41,67.85013403,1.83155071,0.02,28.4683,135
2000-11-01,1.95,16.5,6.51,9.99,5.99,3.45,2.54,37.8,103.5500126,2.015150156,0.02,30.6497,227
2000-12-01,1.96,16.23,6.4,9.83,5.97,3.39,2.59,9.01,97.44885746,1.988776752,0.02,34.1052,156
2001-01-01,1.96,15.52,5.98,9.54,5.92,3.73,2.19,8.29,94.58857823,1.975838698,0.03,28.8612,142
2001-02-01,2.01,15.25,5.49,9.76,6.27,3.53,2.74,0.75,93.79006171,1.972156822,0.04,20.9482,127
2001-03-01,2.1,15.41,5.31,10.1,6.44,2.92,3.52,-8.87,105.6538313,2.02388525,0.01,31.1492,130
2001-04-01,2.19,15.95,4.8,11.15,6.61,3.27,3.34,6.41,100.7386186,2.003195991,0.03,27.1624,122
2001-05-01,2.29,16.38,4.21,12.17,7.04,3.62,3.42,-0.77,80.02669657,1.90323489,0.02,22.1509,123
2001-06-01,2.38,17.25,3.97,13.28,7.35,3.25,4.1,-13.37,69.43159208,1.841557124,0.03,17.0623,85
2001-07-01,2.47,18.59,3.77,14.82,7.05,2.72,4.33,-11.83,94.41055626,1.975020556,0.02,22.3187,107
2001-08-01,2.51,19,3.65,15.35,6.41,2.72,3.69,-12.01,84.0781452,1.924683122,0.02,19.9697,112
2001-09-01,2.68,19,3.07,15.93,6.46,2.65,3.81,-22.59,167.8379328,2.224890122,0.21,42.4329,239
2001-10-01,2.74,19,2.49,16.51,7.19,2.13,5.07,-32.85,166.1395409,2.220473006,0.12,29.338,256
2001-11-01,2.55,19,2.09,16.91,7.61,1.9,5.71,-43.32,120.0871843,2.079496662,0.12,26.3987,156
2001-12-01,2.36,19,1.82,17.18,7.67,1.55,6.12,-31.95,103.9563711,2.016851111,0.08,24.3586,120
2002-01-01,2.38,19,1.73,17.27,7.62,1.14,6.48,-33.49,104.6053315,2.01955382,0.06,28.6519,122
2002-02-01,2.42,18.93,1.74,17.19,7.51,1.14,6.38,-29.77,88.28289953,1.945876589,0.08,24.8472,43
2002-03-01,2.35,18.66,1.73,16.93,7.75,1.48,6.27,-10.03,79.12538364,1.898315829,0.06,17.7728,109
2002-04-01,2.32,18.5,1.75,16.75,7.98,1.64,6.35,-4.33,82.52251009,1.916572429,0.04,20.0872,115
2002-05-01,2.48,18.5,1.75,16.75,7.77,1.18,6.59,-5.62,75.03928269,1.875288674,0.03,18.9165,110
2002-06-01,2.71,18.5,1.75,16.75,7.66,1.07,6.59,-7.54,93.43457384,1.970507609,0.03,24.7997,137
2002-07-01,2.94,18.27,1.73,16.54,7.51,1.46,6.05,1.87,94.24758166,1.974270215,0.03,51.5904,72
2002-08-01,3.11,18,1.74,16.26,7.46,1.8,5.66,3.33,103.8210976,2.016285616,0.06,39.4828,166
2002-09-01,3.35,18,1.75,16.25,7.93,1.51,6.42,13.06,120.7882526,2.082024699,0.07,31.9693,149
2002-10-01,3.8,19.65,1.75,17.9,8.45,2.03,6.42,29.91,117.6161526,2.070466969,0.1,31.464,161
2002-11-01,3.59,21.33,1.34,19.99,10.93,2.2,8.73,34.42,116.3125743,2.065626668,0.02,23.5922,220
2002-12-01,3.63,23.26,1.24,22.02,12.53,2.38,10.15,52.96,113.5918617,2.055347217,0.08,24.4789,137
2003-01-01,3.44,25.15,1.24,23.91,14.47,2.6,11.87,67.85,117.0346639,2.068314512,0.1,26.3392,220
2003-02-01,3.6,25.82,1.26,24.56,15.85,2.98,12.87,72.87,125.1997473,2.097603452,0.08,22.7293,179
2003-03-01,3.46,26.5,1.25,25.25,16.57,3.02,13.55,35.54,158.9261276,2.201195301,0.04,30.034,332
2003-04-01,3.11,26.5,1.26,25.24,16.77,2.22,14.54,7.96,128.1516127,2.107724076,0.08,25.4525,181
2003-05-01,2.95,26.5,1.26,25.24,17.24,2.06,15.18,4.52,101.1125997,2.004805277,0.05,20.7054,145
2003-06-01,2.89,26.32,1.22,25.1,16.57,2.11,14.46,20.39,82.39048442,1.915877056,0.05,20.106,83
2003-07-01,2.88,25.61,1.01,24.6,15.43,2.11,13.32,14.18,79.97674159,1.902963706,0.06,20.6858,31
2003-08-01,3.01,23.61,1.03,22.58,15.07,2.16,12.92,11.31,70.62394646,1.848951982,0.06,17.6541,112
2003-09-01,2.92,21.13,1.01,20.12,15.14,2.32,12.82,-3.99,78.76255569,1.8963198,0.04,15.3803,32
2003-10-01,2.86,19.71,1.01,18.7,13.98,2.04,11.94,5.12,78.53756765,1.895077447,0.04,14.8485,20
2003-11-01,2.92,18.45,1,17.45,11.02,1.77,9.25,17.62,73.73268935,1.867660075,0.04,12.0793,21
2003-12-01,2.93,17.05,0.98,16.07,9.3,1.88,7.42,8.99,70.47638298,1.848043607,0.05,15.0023,90
2004-01-01,2.85,16.5,1,15.5,7.71,1.93,5.78,3.75,77.35030671,1.88846204,0.1,16.8634,52
2004-02-01,2.93,16.5,1.01,15.49,6.69,1.69,5,-3.32,76.86943556,1.885753692,0.05,12.7306,68
2004-03-01,2.91,16.39,1,15.39,5.89,1.74,4.15,10.66,75.46172912,1.877726752,0.05,15.0431,82
2004-04-01,2.91,16.12,1,15.12,5.26,2.29,2.97,29.49,76.69838311,1.884786209,0.07,16.6459,97
2004-05-01,3.1,16,1,15,5.15,3.05,2.1,42.69,99.25025062,1.996731612,0.06,16.6206,137
2004-06-01,3.13,16,1.03,14.97,6.06,3.27,2.79,23.81,76.56456014,1.884027792,0.05,14.7782,141
2004-07-01,3.04,16,1.26,14.74,6.81,2.99,3.82,32.32,70.38932828,1.847506821,0.04,17.4898,119
2004-08-01,3,16,1.43,14.57,7.18,2.65,4.53,42.24,68.74600942,1.837247493,0.06,15.6857,106
2004-09-01,2.89,16.12,1.61,14.51,6.7,2.54,4.17,61.19,76.08889424,1.881321273,0.07,14.3007,89
2004-10-01,2.85,16.43,1.76,14.67,6.86,3.19,3.68,75.29,89.34817955,1.951085708,0.07,15.5167,205
2004-11-01,2.79,16.97,1.93,15.04,7.24,3.52,3.71,56.75,81.34498817,1.9103308,0.07,13.9289,113
2004-12-01,2.72,17.51,2.16,15.35,7.6,3.26,4.34,34.39,66.51076632,1.822891952,0.07,17.0077,51
2005-01-01,2.69,17.94,2.28,15.66,7.41,2.97,4.44,37.62,63.92237229,1.805652884,0.06,17.3482,103
2005-02-01,2.6,18.46,2.5,15.96,7.39,3.01,4.38,38.21,56.11377961,1.749069522,0.03,13.9906,38
2005-03-01,2.71,18.99,2.63,16.36,7.54,3.15,4.39,47.15,58.2521002,1.765311588,0.07,14.5699,50
2005-04-01,2.58,19.33,2.79,16.54,8.07,3.51,4.56,44.44,71.36969981,1.85351387,0.04,18.8654,119
2005-05-01,2.46,19.6,3,16.6,8.05,2.8,5.25,23.96,68.15827098,1.833518565,0.06,16.5387,97
2005-06-01,2.41,19.75,3.04,16.71,7.27,2.53,4.74,48.01,69.52626163,1.842148878,0.04,16.7238,83
2005-07-01,2.37,19.75,3.26,16.49,6.57,3.17,3.4,44.29,60.84222226,1.784205068,0.15,13.6226,76
2005-08-01,2.36,19.75,3.5,16.25,6.02,3.64,2.37,44.58,62.72575621,1.797445906,0.12,17.1833,71
2005-09-01,2.29,19.62,3.62,16,6.04,4.69,1.35,43.17,89.30829229,1.950891785,0.05,15.0906,179
2005-10-01,2.25,19.31,3.78,15.53,6.36,4.35,2.02,17.31,65.25842227,1.81463657,0.02,15.2108,127
2005-11-01,2.21,18.88,4,14.88,6.22,3.46,2.76,20.15,66.13442478,1.820427581,0.05,13.5147,80
2005-12-01,2.28,18.23,4.16,14.07,5.69,3.42,2.27,37.17,63.71491324,1.804241096,0.05,14.158,97
2006-01-01,2.27,17.69,4.29,13.4,5.7,3.99,1.71,38.82,73.09000127,1.863857969,0.05,17.6113,139
2006-02-01,2.16,17.25,4.49,12.76,5.51,3.6,1.91,28.24,58.50127413,1.767165325,0.03,12.6429,73
2006-03-01,2.15,16.69,4.59,12.1,5.32,3.36,1.96,16.28,60.93919025,1.784896679,0.05,13.7249,85
2006-04-01,2.13,16.2,4.79,11.41,4.63,3.55,1.09,31.37,76.36456718,1.882891895,0.04,14.3594,96
2006-05-01,2.17,15.75,4.94,10.81,4.23,4.17,0.06,42.14,63.19850973,1.800706837,0.07,17.6127,148
2006-06-01,2.25,15.25,4.99,10.26,4.03,4.32,-0.29,26.02,74.8898802,1.874423136,0.07,17.3766,122
2006-07-01,2.19,15.06,5.24,9.82,3.97,4.15,-0.18,26.67,67.93345108,1.832083678,0.05,18.6121,176
2006-08-01,2.16,14.73,5.25,9.48,3.84,3.82,0.02,12.44,59.28585144,1.772951061,0.05,17.9247,171
2006-09-01,2.17,14.25,5.25,9,3.7,2.06,1.63,-2.34,59.12246011,1.771752497,0.05,13.8006,45
2006-10-01,2.15,14.04,5.25,8.79,3.26,1.31,1.96,-5.6,64.02414302,1.806343774,0.06,14.6356,83
2006-11-01,2.16,13.73,5.25,8.48,3.02,1.97,1.04,1.68,60.72473968,1.783365662,0.03,12.128,46
2006-12-01,2.15,13.25,5.24,8.01,3.14,2.54,0.6,4.48,59.35529414,1.773459462,0.04,15.5657,72
2007-01-01,2.14,13.19,5.25,7.94,2.99,2.08,0.91,-16.02,67.45110315,1.828989057,0.03,14.4793,84
2007-02-01,2.09,13,5.26,7.74,3.02,2.42,0.6,-3.7,57.84821695,1.762289977,0.03,15.2421,43
2007-03-01,2.09,12.81,5.26,7.55,2.96,2.78,0.18,-3.71,65.38288321,1.815464068,0.05,26.0179,98
2007-04-01,2.03,12.65,5.25,7.4,3,2.57,0.42,-8.18,64.60678233,1.810278112,0.02,18.7486,113
2007-05-01,1.98,12.5,5.25,7.25,3.18,2.69,0.49,-10.49,56.25272873,1.750143594,0.03,16.4051,83
2007-06-01,1.93,12.12,5.25,6.87,3.69,2.69,1,-4.9,57.70253368,1.761194883,0.04,18.9188,46
2007-07-01,1.88,11.79,5.26,6.53,3.74,2.36,1.38,-0.42,55.13515853,1.741428628,0.04,25.2119,30
2007-08-01,1.96,11.5,5.02,6.48,4.18,1.97,2.21,-0.9,74.72429199,1.873461809,0.03,40.3052,133
2007-09-01,1.9,11.29,4.94,6.35,4.15,2.76,1.39,24.2,93.9561648,1.972925281,0.02,25.3238,135
2007-10-01,1.8,11.25,4.76,6.49,4.12,3.54,0.58,45.94,79.2671473,1.899093229,0.07,22.7478,130
2007-11-01,1.77,11.25,4.49,6.76,4.19,4.31,-0.12,59.84,81.54437477,1.911394007,0.03,23.4679,189
2007-12-01,1.79,11.25,4.24,7.01,4.46,4.08,0.38,47.96,96.35291809,1.983864872,0.04,26.1266,154
2008-01-01,1.77,11.25,3.94,7.31,4.56,4.28,0.28,69.74,133.4941639,2.12546228,0.06,34.5524,142
2008-02-01,1.73,11.25,2.98,8.27,4.61,4.03,0.59,60.89,103.0368073,2.012992393,0.02,23.8292,86
2008-03-01,1.71,11.25,2.61,8.64,4.73,3.98,0.75,74.2,125.9299141,2.100128907,0.06,28.7917,85
2008-04-01,1.69,11.48,2.28,9.2,5.04,3.94,1.1,75.59,98.59838118,1.993869785,0.02,22.1916,54
2008-05-01,1.66,11.75,1.98,9.77,5.58,4.18,1.4,97.87,80.93066647,1.908113117,0.04,18.9287,86
2008-06-01,1.62,12.18,2,10.18,6.06,5.02,1.04,98.48,95.24015493,1.978820093,0.05,18.2496,76
2008-07-01,1.59,12.44,2.01,10.43,6.37,5.6,0.77,80.91,104.0330604,2.017171375,0.05,27.8947,73
2008-08-01,1.61,13,2,11,6.17,5.37,0.79,61.2,98.55276824,1.993668828,0.04,18.81,120
2008-09-01,1.8,13.5,1.81,11.69,6.25,4.94,1.31,31.16,169.352252,2.228790976,0.07,55.9658,95
2008-10-01,2.18,13.75,0.97,12.78,6.41,3.66,2.75,-11.22,204.8937177,2.311528643,0.03,69.835,99
2008-11-01,2.27,13.75,0.39,13.36,6.39,1.07,5.32,-39.89,145.5235428,2.162933259,0.05,36.6702,48
2008-12-01,2.4,13.75,0.16,13.59,5.9,0.09,5.81,-55.71,150.8132348,2.178439455,0.03,29.5173,43
2009-01-01,2.31,13.43,0.15,13.28,5.84,0.03,5.81,-55.23,146.8643678,2.16691644,0.01,31.1634,48
2009-02-01,2.32,12.75,0.22,12.53,5.9,0.24,5.67,-59.02,144.6519163,2.160324191,0.02,33.2375,50
2009-03-01,2.32,11.78,0.18,11.6,5.61,-0.38,5.99,-54.52,136.0426155,2.133674973,0.02,34.0597,47
2009-04-01,2.2,11.22,0.15,11.07,5.53,-0.74,6.27,-55.57,106.5496503,2.027552029,0.04,24.7524,69
2009-05-01,2.07,10.25,0.18,10.07,5.2,-1.28,6.48,-52.85,100.4338963,2.001880311,0.01,24.9752,66
2009-06-01,1.96,9.62,0.21,9.41,4.8,-1.43,6.23,-47.98,116.8089511,2.067476124,0.07,22.3826,37
2009-07-01,1.93,9.1,0.16,8.94,4.5,-2.1,6.6,-52.07,108.0247952,2.033523452,0.03,20.3655,56
2009-08-01,1.85,8.75,0.16,8.59,4.36,-1.48,5.85,-39.1,100.1871175,2.000811882,0.03,19.7681,66
2009-09-01,1.82,8.75,0.15,8.6,4.34,-1.29,5.63,-33.55,106.7825272,2.028500195,0.05,18.5662,26
2009-10-01,1.74,8.75,0.12,8.63,4.17,-0.18,4.35,-0.6,87.6914004,1.942957006,0.06,19.0593,37
2009-11-01,1.73,8.75,0.12,8.63,4.22,1.84,2.38,36.87,98.19766757,1.992101172,0.1,19.3649,104
2009-12-01,1.75,8.75,0.12,8.63,4.31,2.72,1.59,83.61,97.70800287,1.989930136,0.06,14.9086,60
2010-01-01,1.78,8.75,0.11,8.64,4.59,2.63,1.97,88.37,111.8534182,2.048649261,0.06,22.0811,90
2010-02-01,1.84,8.75,0.13,8.62,4.83,2.14,2.69,95.27,114.3652729,2.058294171,0.06,18.1954,96
2010-03-01,1.79,8.75,0.16,8.59,5.17,2.31,2.85,69.33,108.5901942,2.03579061,0.1,17.0073,73
2010-04-01,1.76,8.8,0.2,8.6,5.26,2.24,3.02,69.31,99.7141205,1.998756663,0.09,20.616,55
2010-05-01,1.81,9.5,0.2,9.3,5.22,2.02,3.2,24.61,141.8265155,2.151757433,0.23,26.7684,73
2010-06-01,1.8,10.02,0.18,9.84,4.84,1.05,3.79,8.15,133.7565784,2.126315151,0.18,21.0787,100
2010-07-01,1.77,10.41,0.18,10.23,4.6,1.24,3.37,18.64,134.7337664,2.12947645,0.05,21.9135,120
2010-08-01,1.76,10.75,0.19,10.56,4.49,1.15,3.34,7.82,117.3943576,2.069647224,0.06,16.9035,164
2010-09-01,1.72,10.75,0.19,10.56,4.7,1.14,3.56,8.47,126.3946235,2.101728601,0.05,17.1993,149
2010-10-01,1.68,10.75,0.19,10.56,5.2,1.17,4.02,8.02,115.8645749,2.063950673,0.03,17.021,133
2010-11-01,1.71,10.75,0.19,10.56,5.63,1.14,4.49,7.92,121.6049044,2.084951091,0.06,17.1179,106
2010-12-01,1.7,10.75,0.18,10.57,5.91,1.5,4.41,19.75,131.6369799,2.11937791,0.07,14.1041,101
2011-01-01,1.67,10.94,0.17,10.77,5.99,1.63,4.36,14.16,116.9330055,2.067937112,0.07,18.0382,58
2011-02-01,1.67,11.25,0.16,11.09,6.01,2.11,3.91,17.18,93.16342506,1.969245447,0.04,13.2577,67
2011-03-01,1.66,11.72,0.14,11.58,6.3,2.68,3.62,26.7,125.8925928,2.100000178,0.11,18.4433,74
2011-04-01,1.58,11.8,0.1,11.7,6.51,3.16,3.35,30.36,117.9348324,2.071642094,0.04,16.5691,83
2011-05-01,1.61,12,0.09,11.91,6.55,3.57,2.98,37.18,85.9954583,1.934475515,0.02,14.9139,63
2011-06-01,1.59,12.18,0.09,12.09,6.71,3.56,3.15,27.79,112.5968274,2.051526154,0.05,18.8427,39
2011-07-01,1.56,12.34,0.07,12.27,6.87,3.63,3.24,27.44,155.5517193,2.191874816,0.03,25.2762,101
2011-08-01,1.6,12.5,0.1,12.4,7.23,3.77,3.45,12.68,212.0304203,2.326398174,0.06,60.8711,102
2011-09-01,1.75,12,0.08,11.92,7.31,3.87,3.44,13.78,187.8724945,2.273863202,0.07,28.1043,164
2011-10-01,1.77,11.81,0.07,11.74,6.97,3.53,3.44,5.51,171.7929836,2.235005422,0.06,29.6904,114
2011-11-01,1.79,11.5,0.08,11.42,6.64,3.39,3.25,15.4,204.7815245,2.311290772,0.04,22.2876,84
2011-12-01,1.84,11,0.07,10.93,6.5,2.96,3.54,10.29,192.6124925,2.284684451,0.06,23.1716,59
2012-01-01,1.79,10.79,0.08,10.71,6.22,2.93,3.29,11.82,168.6596132,2.2270111,0.05,21.8784,92
2012-02-01,1.72,10.5,0.1,10.4,5.85,2.87,2.98,14.41,149.3786582,2.174288554,0.01,18.2933,119
2012-03-01,1.8,9.92,0.13,9.79,5.24,2.65,2.59,3.16,149.0391963,2.1733005,0.05,16.0979,55
2012-04-01,1.85,9.45,0.14,9.31,5.1,2.3,2.8,-6.19,131.7598007,2.119782929,0.05,15.3554,50
2012-05-01,1.98,8.98,0.16,8.82,4.99,1.7,3.28,-6.68,165.8047699,2.21959702,0.03,22.2606,71
2012-06-01,2.05,8.5,0.16,8.34,4.92,1.66,3.25,-14.42,196.4490245,2.293249877,0.03,22.6557,134
2012-07-01,2.03,8.18,0.16,8.02,5.2,1.41,3.79,-9.43,163.3621672,2.213151486,0.03,19.9215,103
2012-08-01,2.03,7.97,0.13,7.84,5.24,1.69,3.55,9.02,127.3167721,2.104885619,0.01,16.6146,65
2012-09-01,2.03,7.5,0.14,7.36,5.28,1.99,3.29,10.57,152.8313009,2.18421231,0.02,16.1115,103
2012-10-01,2.03,7.33,0.16,7.17,5.45,2.16,3.29,3.69,163.1374134,2.212553572,0.01,17.1206,125
2012-11-01,2.07,7.25,0.16,7.09,5.53,1.76,3.77,-10.7,171.5362066,2.234355802,0.02,15.5074,76
2012-12-01,2.08,7.25,0.16,7.09,5.84,1.74,4.1,-10.45,166.3026069,2.220899057,0.04,16.368,137
2013-01-01,2.03,7.25,0.14,7.11,6.15,1.59,4.56,-5.37,165.6199379,2.219112617,0.01,17.5705,111
2013-02-01,1.97,7.25,0.15,7.1,6.31,1.98,4.33,-6.83,126.0576253,2.100569122,0.02,18.7503,69
2013-03-01,1.98,7.25,0.14,7.11,6.59,1.47,5.11,-12.23,139.0441599,2.143152752,0.02,17.9135,70
2013-04-01,2,7.36,0.15,7.21,6.49,1.06,5.43,-10.9,135.2218951,2.131047018,0.01,15.7931,55
2013-05-01,2.04,7.53,0.11,7.42,6.5,1.36,5.14,0.25,105.2473795,2.022211291,0.04,15.0091,57
2013-06-01,2.17,8,0.09,7.91,6.7,1.75,4.94,16.22,117.8225087,2.071228266,0.03,16.8881,173
2013-07-01,2.25,8.34,0.09,8.25,6.27,1.96,4.31,18.78,107.8696222,2.032899158,0.04,15.0438,75
2013-08-01,2.34,8.55,0.08,8.47,6.09,1.52,4.57,13.09,125.2524515,2.097786235,0.04,13.4049,94
2013-09-01,2.26,9,0.08,8.92,5.86,1.18,4.67,12.34,132.195785,2.121217608,0.06,19.1477,132
2013-10-01,2.19,9.35,0.09,9.26,5.84,0.96,4.87,12.23,152.1623423,2.182307185,0.04,19.5106,179
2013-11-01,2.3,9.55,0.08,9.47,5.77,1.24,4.54,8.22,96.52437221,1.984636986,0.06,15.2641,83
2013-12-01,2.35,10,0.09,9.91,5.91,1.5,4.41,10.91,121.763622,2.085517558,0.04,15.087,82
2014-01-01,2.39,10.26,0.07,10.19,5.59,1.58,4.01,0.25,113.1105187,2.053502994,0.02,15.2577,111
2014-02-01,2.38,10.52,0.07,10.45,5.68,1.13,4.55,5.66,96.0282596,1.982399058,0.02,11.6177,103
2014-03-01,2.33,10.75,0.08,10.67,6.15,1.51,4.64,7.91,111.7281398,2.048162568,0.1,15.1868,97
2014-04-01,2.23,10.98,0.09,10.89,6.28,1.95,4.33,10.98,105.4843413,2.023187995,0.02,18.0593,64
2014-05-01,2.22,11,0.09,10.91,6.37,2.13,4.25,7.63,106.4903028,2.027310062,0.04,13.7422,116
2014-06-01,2.24,11,0.1,10.9,6.52,2.07,4.45,9.88,89.33592459,1.951026137,0.04,11.8389,74
2014-07-01,2.22,11,0.09,10.91,6.5,1.99,4.51,-1.42,97.24051509,1.987847251,0.08,14.0554,111
2014-08-01,2.27,11,0.09,10.91,6.51,1.7,4.81,-9.51,107.8092192,2.032655901,0.06,14.3469,123
2014-09-01,2.34,11,0.09,10.91,6.75,1.66,5.09,-12.33,129.7076656,2.112965643,0.04,11.1862,82
2014-10-01,2.45,11.02,0.09,10.93,6.59,1.66,4.92,-16.06,122.6423141,2.088640336,0.02,21.9332,89
2014-11-01,2.55,11.25,0.09,11.16,6.56,1.32,5.23,-19.33,120.1613827,2.079764917,0.02,13.895,42
2014-12-01,2.64,11.7,0.12,11.58,6.41,0.76,5.65,-39.59,113.8948664,2.05650415,0.02,14.2914,55
2015-01-01,2.63,11.91,0.11,11.8,7.14,-0.09,7.23,-49.92,142.647695,2.154264758,0.03,23.3353,168
2015-02-01,2.82,12.25,0.11,12.14,7.7,-0.03,7.73,-49.5,118.9186529,2.075249981,0.02,14.0752,144
2015-03-01,3.14,12.69,0.11,12.58,8.13,-0.07,8.2,-52.49,106.7265467,2.028272457,0.02,12.3786,150
2015-04-01,3.04,12.77,0.12,12.65,8.17,-0.2,8.37,-46.78,100.9348792,2.004041268,0.05,14.472,108
2015-05-01,3.06,13.25,0.12,13.13,8.47,-0.04,8.51,-41.77,103.1946095,2.013657012,0.02,11.7735,104
2015-06-01,3.11,13.7,0.13,13.57,8.89,0.12,8.77,-43.15,115.405961,2.062228242,0.02,14.927,115
2015-07-01,3.23,13.78,0.13,13.65,9.56,0.17,9.39,-50.27,127.9827617,2.107151477,0.05,23.8556,148
2015-08-01,3.52,14.25,0.14,14.11,9.53,0.2,9.33,-55.45,130.1816342,2.114549719,0.02,31.4782,222
2015-09-01,3.9,14.25,0.14,14.11,9.49,-0.04,9.53,-51.21,178.0594065,2.250564921,0.03,24.7081,276
2015-10-01,3.88,14.25,0.12,14.13,9.93,0.17,9.76,-45.18,125.8535512,2.099865475,0.03,19.6449,199
2015-11-01,3.79,14.25,0.12,14.13,10.48,0.5,9.97,-43.75,100.6361593,2.002754054,0.05,13.4296,91
2015-12-01,3.88,14.25,0.24,14.01,10.67,0.73,9.94,-36.77,116.6641316,2.066937353,0.09,16.9836,120
2016-01-01,4.06,14.25,0.34,13.91,10.71,1.37,9.33,-33.17,146.4394383,2.165658054,0.11,28.639,188
2016-02-01,3.96,14.25,0.38,13.87,10.36,1.02,9.34,-40.27,155.3790896,2.191392572,0.01,24.8717,203
2016-03-01,3.7,14.25,0.36,13.89,9.39,0.85,8.53,-20.68,169.4573996,2.229060538,0.09,17.7432,126
2016-04-01,3.56,14.25,0.37,13.88,9.28,1.13,8.15,-24.54,147.8775756,2.169902322,0.04,13.2963,94
2016-05-01,3.54,14.25,0.37,13.88,9.32,1.02,8.3,-21.13,130.767979,2.116501412,0.05,14.4653,67
2016-06-01,3.42,14.25,0.38,13.87,8.84,1,7.85,-18.45,235.7020671,2.372363391,0.01,20.1383,358
2016-07-01,3.28,14.25,0.39,13.86,8.74,0.83,7.91,-12.31,227.7653345,2.357487626,0.04,16.5716,273
2016-08-01,3.21,14.25,0.4,13.85,8.97,1.06,7.91,4.29,146.6174825,2.166185758,0.02,14.3333,132
2016-09-01,3.25,14.25,0.4,13.85,8.48,1.46,7.01,-0.68,154.2177417,2.188134339,0.02,13.7636,109
2016-10-01,3.19,14.15,0.4,13.75,7.87,1.64,6.24,7.65,131.3558741,2.118449499,0.03,13.2824,124
2016-11-01,3.34,14,0.41,13.59,6.99,1.69,5.29,6.78,241.8370355,2.383522811,0.03,18.3643,291
2016-12-01,3.35,13.75,0.54,13.21,6.29,2.07,4.21,39.19,231.6317426,2.364798074,0.05,12.2703,157
2017-01-01,3.19,13.27,0.65,12.62,5.35,2.5,2.85,65.37,275.2966382,2.439800908,0.07,17.7354,230
2017-02-01,3.11,12.84,0.66,12.18,4.76,2.74,2.02,75.95,208.1134777,2.318300207,0.02,15.6953,132
2017-03-01,3.13,12.25,0.79,11.46,4.57,2.38,2.19,30.24,245.8522701,2.390674223,0.01,14.3472,120
2017-04-01,3.14,11.65,0.9,10.75,4.08,2.2,1.88,24.72,181.6763403,2.259298373,0.05,17.0387,131
2017-05-01,3.2,11.25,0.91,10.34,3.6,1.87,1.72,3.67,167.4566589,2.223902422,0.03,11.7987,109
2017-06-01,3.3,10.25,1.04,9.21,3,1.63,1.37,-7.39,170.7842793,2.232447891,0.03,12.227,131
2017-07-01,3.2,10.09,1.15,8.94,2.71,1.73,0.98,3.75,150.2233844,2.176737542,0.02,14.3519,156
2017-08-01,3.15,9.25,1.16,8.09,2.46,1.94,0.52,7.37,141.2449588,2.149972956,0.06,16.1578,132
2017-09-01,3.13,8.48,1.15,7.33,2.54,2.23,0.3,10.03,160.9219118,2.206615183,0.08,9.5696,112
2017-10-01,3.19,8.1,1.15,6.95,2.7,2.04,0.66,3.54,155.9939445,2.19310774,0.03,12.166,79
2017-11-01,3.26,7.5,1.16,6.34,2.8,2.2,0.6,24.78,160.7328947,2.206104766,0.03,15.3632,84
2017-12-01,3.3,7.1,1.3,5.8,2.95,2.11,0.84,11.27,155.0406878,2.190445686,0.04,18.2733,94
2018-01-01,3.21,7,1.41,5.59,2.86,2.07,0.78,20.97,146.5591708,2.166012999,0.05,17.5373,76
2018-02-01,3.25,6.81,1.42,5.39,2.84,2.21,0.63,16.42,127.2438097,2.104636663,0.04,26.6285,128
2018-03-01,3.28,6.67,1.51,5.16,2.68,2.36,0.32,27.28,162.9967919,2.212179057,0.11,17.5987,119
2018-04-01,3.41,6.5,1.69,4.81,2.76,2.46,0.3,29.58,162.1301035,2.20986366,0.04,17.0577,104
2018-05-01,3.63,6.5,1.7,4.8,2.86,2.8,0.05,43.94,175.5151706,2.244314661,0.05,15.9464,153
2018-06-01,3.77,6.5,1.82,4.68,4.39,2.87,1.52,50.22,177.614199,2.249477682,0.11,12.3486,101
2018-07-01,3.82,6.5,1.91,4.59,4.48,2.95,1.54,52.58,228.8090074,2.359473117,0.06,12.5767,128
2018-08-01,3.93,6.5,1.91,4.59,4.19,2.7,1.49,41.37,188.5624947,2.275455315,0.08,14.9845,126
2018-09-01,4.11,6.5,1.95,4.55,4.53,2.28,2.25,41.13,205.7356888,2.313309635,0.04,18.3354,102
2018-10-01,3.76,6.5,2.19,4.31,4.56,2.52,2.03,37.19,231.8878457,2.365277986,0.06,24.367,122
2018-11-01,3.79,6.5,2.2,4.3,4.05,2.18,1.87,-0.97,260.5295862,2.41585705,0.04,22.6609,135
2018-12-01,3.88,6.5,2.27,4.23,3.75,1.91,1.84,-15.54,274.7409246,2.438923355,0.01,39.393,317
2019-01-01,3.74,6.5,2.4,4.1,3.78,1.55,2.23,-19.43,263.5928862,2.420933685,0.18,38.0064,281
2019-02-01,3.72,6.5,2.4,4.1,3.89,1.52,2.37,-11.62,213.6552516,2.329713572,0.21,16.6788,245
2019-03-01,3.84,6.5,2.41,4.09,4.58,1.86,2.71,-7.42,260.0414877,2.415042642,0.11,20.771,159
2019-04-01,3.9,6.5,2.42,4.08,4.94,2,2.94,-3.68,202.2907105,2.30597594,0.03,18.8068,87
2019-05-01,3.99,6.5,2.39,4.11,4.66,1.79,2.87,-13.1,255.7373766,2.407794206,0.11,19.5266,109
2019-06-01,3.86,6.5,2.38,4.12,3.37,1.65,1.72,-19.46,337.7595049,2.528607579,0.03,19.7902,394
2019-07-01,3.78,6.5,2.4,4.1,3.22,1.81,1.41,-19.27,271.1155934,2.433154497,0.03,21.4498,327
2019-08-01,4.02,6,2.13,3.87,3.43,1.75,1.68,-19.28,321.003228,2.5065094,0.13,30.882,407
2019-09-01,4.12,5.8,2.04,3.76,2.89,1.71,1.18,-18.99,290.4138135,2.46301727,0.04,16.2433,292
2019-10-01,4.08,5.48,1.83,3.65,2.54,1.76,0.77,-23.73,273.5288477,2.437003136,0.13,13.9248,373
2019-11-01,4.16,5,1.55,3.45,3.27,2.05,1.22,0.87,267.3888212,2.427143247,0.09,18.7523,263
2019-12-01,4.1,4.68,1.55,3.13,4.31,2.29,2.02,22.38,281.975717,2.45021171,0.1,21.4083,257
2020-01-01,4.15,4.5,1.55,2.95,4.19,2.49,1.71,12.67,239.0978393,2.378575651,0.05,15.6904,200
2020-02-01,4.35,4.29,1.58,2.71,4.01,2.33,1.67,-7.98,235.7579507,2.372466348,0.03,24.4435,262
2020-03-01,4.89,4.04,0.65,3.39,3.3,1.54,1.76,-49.6,354.9687828,2.550190161,0.07,63.3638,196
2020-04-01,5.32,3.75,0.05,3.7,2.4,0.33,2.07,-73.42,367.4690827,2.565220805,0.09,38.3177,105
2020-05-01,5.64,3.15,0.05,3.1,1.88,0.12,1.76,-52.62,437.077013,2.640557966,0.04,35.7407,117
2020-06-01,5.19,2.68,0.08,2.6,2.13,0.65,1.49,-29.91,342.273816,2.534373677,0.08,37.0494,135
2020-07-01,5.27,2.25,0.09,2.16,2.31,0.99,1.32,-29.04,350.2695358,2.544402367,0.02,28.3102,157
2020-08-01,5.47,2.04,0.1,1.94,2.44,1.31,1.13,-22.72,313.3881355,2.496082551,0.05,29.6715,140
2020-09-01,5.4,2,0.09,1.91,3.14,1.37,1.76,-30.36,299.0161477,2.475694642,0.01,20.93,175
2020-10-01,5.63,2,0.09,1.91,3.92,1.18,2.74,-26.97,310.6634027,2.492290095,0.03,30.4348,101
2020-11-01,5.45,2,0.09,1.91,4.31,1.17,3.14,-26.97,378.9129644,2.578539465,0.04,20.4961,139
2020-12-01,5.14,2,0.09,1.91,4.52,1.36,3.16,-21.38,301.487944,2.47926995,0.03,22.3878,55
2021-01-01,5.37,2,0.09,1.91,4.56,1.4,3.16,-10.17,288.176145,2.459658027,0.1,26.7587,129
2021-02-01,5.41,2,0.08,1.92,5.2,1.68,3.52,17.05,220.6403017,2.343684843,0.03,24.2737,100
2021-03-01,5.64,2.34,0.07,2.27,6.1,2.62,3.48,112.08,220.967398,2.344328202,0.04,29.4803,152
2021-04-01,5.57,2.75,0.07,2.68,6.76,4.16,2.6,261.81,207.9251769,2.31790708,0.06,24.6759,44
2021-05-01,5.29,3.38,0.06,3.32,8.06,4.99,3.06,126.4,195.9786898,2.29220885,0.04,19.7853,133
2021-06-01,5.03,3.85,0.08,3.77,8.35,5.39,2.96,86.29,187.2300559,2.272375567,0.04,21.9521,152
2021-07-01,5.16,4.25,0.1,4.15,8.99,5.37,3.63,78.29,206.0206702,2.313910796,0.01,16.6235,123
2021-08-01,5.25,5.12,0.09,5.03,9.68,5.25,4.43,60.19,222.9020882,2.348114137,0.02,19.6411,189
2021-09-01,5.28,5.52,0.08,5.44,10.25,5.39,4.86,80.65,208.5164434,2.319140309,0.09,23.4802,217
2021-10-01,5.54,6.44,0.08,6.36,10.67,6.22,4.45,106.48,200.5841755,2.302296668,0.01,19.684,80
2021-11-01,5.57,7.75,0.08,7.67,10.74,6.81,3.93,91.1,228.8485161,2.359548101,0.01,14.1354,244
2021-12-01,5.65,8.86,0.08,8.78,10.06,7.04,3.02,52.54,270.5372433,2.43222706,0.01,16.6986,230
2022-01-01,5.53,9.25,0.08,9.17,10.38,7.48,2.9,60.61,240.4911636,2.381099124,0.12,20.4975,226
2022-02-01,5.2,10.64,0.08,10.56,10.54,7.87,2.67,54.65,202.0731083,2.305508522,0.19,23.026,292
2022-03-01,4.98,11.23,0.2,11.03,11.3,8.54,2.76,74.32,338.1271481,2.529080042,0.13,23.0496,366
2022-04-01,4.75,11.75,0.33,11.42,12.13,8.26,3.87,66.05,322.6469889,2.508727616,0.09,20.3104,345
2022-05-01,4.96,12.62,0.77,11.85,11.73,8.58,3.15,68.37,302.7206965,2.481042114,0.05,27.8624,266
2022-06-01,5.05,13,1.21,11.79,11.89,9.06,2.83,60.66,291.8114278,2.465102296,0.08,17.1011,189
2022-07-01,5.37,13.25,1.68,11.57,10.07,8.52,1.54,40.4,327.8624526,2.515691683,0.09,24.5355,284
2022-08-01,5.14,13.7,2.33,11.37,8.73,8.26,0.46,38.04,262.5618508,2.419231625,0.05,14.1412,183
2022-09-01,5.24,13.75,2.56,11.19,7.17,8.2,-1.03,17.98,288.3626529,2.459939012,0.05,16.8615,272
2022-10-01,5.25,13.75,3.08,10.67,6.47,7.75,-1.28,7.28,306.8153822,2.486877129,0.06,20.8659,231
2022-11-01,5.27,13.75,3.78,9.97,5.9,7.11,-1.21,6.3,345.5116339,2.538462675,0.13,17.7075,258
2022-12-01,5.25,13.75,4.1,9.65,5.79,6.45,-0.67,6.66,278.5009911,2.444826745,0.05,21.6797,206
2023-01-01,5.19,13.75,4.33,9.42,5.77,6.41,-0.64,-6.04,262.3054474,2.41880731,0.13,20.0902,210
2023-02-01,5.18,13.75,4.57,9.18,5.6,6.04,-0.44,-15.92,260.5332559,2.415863167,0.06,18.8264,203
2023-03-01,5.21,13.75,4.65,9.1,4.65,4.98,-0.33,-32.34,328.400322,2.516403574,0.04,31.1924,222
2023-04-01,5.02,13.75,4.83,8.92,4.18,4.93,-0.75,-22.41,249.8484884,2.397676726,0.18,21.0433,237
2023-05-01,4.98,13.75,5.06,8.69,3.94,4.05,-0.11,-34.67,230.8932127,2.363411167,0.21,23.969,292
2023-06-01,4.85,13.75,5.08,8.67,3.16,2.97,0.19,-38.69,243.7840469,2.387005282,0.07,18.8323,245
2023-07-01,4.8,13.75,5.12,8.63,3.99,3.18,0.81,-25.66,241.7936867,2.383444957,0.11,18.106,111
2023-08-01,4.9,13.28,5.33,7.95,4.61,3.67,0.94,-13.15,229.0100938,2.359854625,0.12,17.2802,194
2023-09-01,4.94,13.08,5.33,7.75,5.19,3.7,1.49,5.74,262.2007829,2.418633984,0.11,19.573,178
2023-10-01,5.06,12.75,5.33,7.42,4.82,3.24,1.58,-2.08,240.3910831,2.380918354,0.09,16.6097,206