Date,spot_ER_China,SR_interest_rate_china,SR_interest_rate_USA,SR_Interest_rate_diff_B_U,CPI_Inflation_China,CPI_inflation_USA,CPI_inflation_diff_C_U,Oil_price_growth_rate_WTI,global_EPU_PPP,gprc_china,US_EMV,US_MPU
1997-01-01,8.33,9,5.25,3.75,5.9,3.04,2.86,33.32,76.65,0.1,21.05,83
1997-02-01,8.32,9,5.19,3.81,5.6,3.03,2.57,16.44,80.08,0.21,19.48,88
1997-03-01,8.33,9,5.39,3.61,4,2.76,1.24,-1.7,65.38,0.19,22.96,91
1997-04-01,8.33,8.55,5.51,3.04,3.2,2.5,0.7,-16.22,74.74,0.27,23.86,79
1997-05-01,8.32,6.39,5.5,0.89,2.8,2.23,0.56,-1.94,73.52,0.2,17.66,117
1997-06-01,8.32,6.39,5.56,0.83,2.8,2.3,0.5,-6.28,79.76,0.18,20.72,52
1997-07-01,8.32,5.22,5.52,-0.3,2.7,2.23,0.47,-7.9,61.81,0.18,20.17,68
1997-08-01,8.32,4.59,5.54,-0.95,1.9,2.23,-0.33,-9.12,58.76,0.14,20.95,54
1997-09-01,8.32,4.59,5.54,-0.95,1.8,2.15,-0.35,-17.26,64.91,0.15,19.09,43
1997-10-01,8.31,3.24,5.5,-2.26,1.5,2.08,-0.58,-14.61,78.47,0.29,32.7,104
1997-11-01,8.31,3.24,5.52,-2.28,1.1,1.83,-0.73,-15.34,89.58,0.42,28.99,92
1997-12-01,8.31,3.24,5.5,-2.26,0.4,1.7,-1.3,-28.24,94.76,0.15,25.81,114
1998-01-01,8.31,3.24,5.56,-2.32,0.3,1.57,-1.27,-33.54,92.54,0.24,32.16,115
1998-02-01,8.31,3.24,5.51,-2.27,-0.1,1.44,-1.54,-27.71,80.72,0.31,20.03,155
1998-03-01,8.31,3.24,5.49,-2.25,0.7,1.37,-0.68,-28.38,81.62,0.17,17.94,67
1998-04-01,8.31,3.24,5.45,-2.21,-0.3,1.44,-1.74,-22.64,71.78,0.18,22.26,84
1998-05-01,8.31,3.24,5.49,-2.25,-1,1.69,-2.69,-28.81,79.4,0.8,22.99,127
1998-06-01,8.31,3.24,5.56,-2.32,-1.3,1.68,-2.98,-28.69,80.09,0.53,24.2,72
1998-07-01,8.31,3.24,5.54,-2.3,-1.4,1.68,-3.08,-28.17,96.19,0.33,27.64,75
1998-08-01,8.31,3.24,5.55,-2.31,-1.4,1.62,-3.02,-32.94,105.85,0.26,39.75,167
1998-09-01,8.31,2.7,5.51,-2.81,-1.5,1.49,-2.99,-24.52,137.43,0.18,50.15,166
1998-10-01,8.28,2.7,5.07,-2.37,-1.1,1.49,-2.59,-32.34,113.4,0.15,43.79,113
1998-11-01,8.28,2.7,4.83,-2.13,-1.2,1.55,-2.75,-36.32,89.47,0.27,34.86,179
1998-12-01,8.28,2.7,4.68,-1.98,-1,1.61,-2.61,-38.46,87.53,0.33,25.64,83
1999-01-01,8.28,2.7,4.63,-1.93,-1.2,1.67,-2.87,-25.74,95.32,0.23,34.02,135
1999-02-01,8.28,2.7,4.76,-2.06,-1.3,1.61,-2.91,-25.26,77.96,0.23,21.44,102
1999-03-01,8.28,2.7,4.81,-2.11,-1.8,1.73,-3.53,-2.39,61.63,0.43,22.88,62
1999-04-01,8.28,2.7,4.74,-2.04,-2.2,2.28,-4.48,13.49,58.4,0.42,21.43,63
1999-05-01,8.28,2.7,4.74,-2.04,-2.2,2.09,-4.29,19.51,72.06,0.74,19.48,94
1999-06-01,8.28,2.7,4.76,-2.06,-2.1,1.96,-4.06,30.96,70.96,0.53,20.6,116
1999-07-01,8.28,2.7,4.99,-2.29,-1.4,2.14,-3.54,42.25,70.47,0.33,23.39,116
1999-08-01,8.28,3.33,5.07,-1.74,-1.3,2.26,-3.56,59.08,61.11,0.34,26.13,81
1999-09-01,8.28,3.33,5.22,-1.89,-0.8,2.63,-3.43,59.38,65.16,0.32,22.1,97
1999-10-01,8.28,3.33,5.2,-1.87,-0.6,2.56,-3.16,57.01,66.9,0.38,25.32,106
1999-11-01,8.28,3.33,5.42,-2.09,-0.9,2.62,-3.52,96.21,65.2,0.31,19.45,110
1999-12-01,8.28,3.33,5.3,-1.97,-1,2.68,-3.68,131.14,56.47,0.41,17.24,86
2000-01-01,8.28,3.33,5.45,-2.12,-0.2,2.74,-2.94,118.92,61.93,0.27,24.41,74
2000-02-01,8.28,3.33,5.73,-2.4,0.7,3.22,-2.52,144.6,54.17,0.21,19.91,37
2000-03-01,8.28,3.33,5.85,-2.52,-0.2,3.76,-3.96,103.89,57.86,0.28,26.1,117
2000-04-01,8.28,3.33,6.02,-2.69,-0.3,3.07,-3.37,49.03,60.74,0.21,43.43,78
2000-05-01,8.28,3.33,6.27,-2.94,0.1,3.19,-3.09,62.5,83.03,0.31,34.31,155
2000-06-01,8.28,3.33,6.53,-3.2,0.5,3.73,-3.23,78.09,82.19,0.33,24.22,117
2000-07-01,8.28,3.33,6.54,-3.21,0.5,3.66,-3.16,49.51,58.75,0.34,20.33,73
2000-08-01,8.28,3.33,6.5,-3.17,0.3,3.41,-3.11,46.86,51.14,0.19,18.05,64
2000-09-01,8.28,4.14,6.52,-2.38,0,3.45,-3.45,42.29,61.39,0.28,18.6,58
2000-10-01,8.28,4.14,6.51,-2.37,0,3.45,-3.45,46.41,67.85,0.18,28.47,135
2000-11-01,8.28,4.14,6.51,-2.37,1.3,3.45,-2.15,37.8,103.55,0.16,30.65,227
2000-12-01,8.28,2.79,6.4,-3.61,1.5,3.39,-1.89,9.01,97.45,0.18,34.11,156
2001-01-01,8.28,2.79,5.98,-3.19,1.2,3.73,-2.53,8.29,94.59,0.26,28.86,142
2001-02-01,8.28,2.79,5.49,-2.7,0,3.53,-3.53,0.75,93.79,0.31,20.95,127
2001-03-01,8.28,2.79,5.31,-2.52,0.8,2.92,-2.12,-8.87,105.65,0.26,31.15,130
2001-04-01,8.28,2.79,4.8,-2.01,1.6,3.27,-1.67,6.41,100.74,0.4,27.16,122
2001-05-01,8.28,2.79,4.21,-1.42,1.7,3.62,-1.92,-0.77,80.03,0.33,22.15,123
2001-06-01,8.28,2.79,3.97,-1.18,1.4,3.25,-1.85,-13.37,69.43,0.29,17.06,85
2001-07-01,8.28,2.79,3.77,-0.98,1.5,2.72,-1.22,-11.83,94.41,0.31,22.32,107
2001-08-01,8.28,3.25,3.65,-0.4,1,2.72,-1.72,-12.01,84.08,0.22,19.97,112
2001-09-01,8.28,3.25,3.07,0.18,-0.1,2.65,-2.75,-22.59,167.84,0.77,42.43,239
2001-10-01,8.28,3.25,2.49,0.76,0.2,2.13,-1.93,-32.85,166.14,0.66,29.34,256
2001-11-01,8.28,3.25,2.09,1.16,-0.3,1.9,-2.2,-43.32,120.09,0.36,26.4,156
2001-12-01,8.28,3.25,1.82,1.43,-0.3,1.55,-1.85,-31.95,103.96,0.39,24.36,120
2002-01-01,8.28,3.25,1.73,1.52,-1.01,1.14,-2.15,-33.49,104.61,0.34,28.65,122
2002-02-01,8.28,3.25,1.74,1.51,-0.02,1.14,-1.16,-29.77,88.28,0.37,24.85,43
2002-03-01,8.28,3.25,1.73,1.52,-0.73,1.48,-2.2,-10.03,79.13,0.28,17.77,109
2002-04-01,8.28,3.25,1.75,1.5,-1.22,1.64,-2.86,-4.33,82.52,0.17,20.09,115
2002-05-01,8.28,3.25,1.75,1.5,-1.02,1.18,-2.21,-5.62,75.04,0.28,18.92,110
2002-06-01,8.28,3.25,1.75,1.5,-0.72,1.07,-1.79,-7.54,93.43,0.23,24.8,137
2002-07-01,8.28,3.25,1.73,1.52,-0.92,1.46,-2.39,1.87,94.25,0.18,51.59,72
2002-08-01,8.28,3.25,1.74,1.51,-0.72,1.8,-2.53,3.33,103.82,0.26,39.48,166
2002-09-01,8.28,3.25,1.75,1.5,-0.63,1.51,-2.14,13.06,120.79,0.51,31.97,149
2002-10-01,8.28,3.25,1.75,1.5,-0.73,2.03,-2.75,29.91,117.62,0.59,31.46,161
2002-11-01,8.28,3.25,1.34,1.91,-0.63,2.2,-2.82,34.42,116.31,0.36,23.59,220
2002-12-01,8.28,3.25,1.24,2.01,-0.43,2.38,-2.8,52.96,113.59,0.48,24.48,137
2003-01-01,8.28,3.25,1.24,2.01,0.37,2.6,-2.23,67.85,117.03,0.82,26.34,220
2003-02-01,8.28,3.25,1.26,1.99,0.17,2.98,-2.81,72.87,125.2,0.94,22.73,179
2003-03-01,8.28,3.25,1.25,2,0.88,3.02,-2.14,35.54,158.93,0.81,30.03,332
2003-04-01,8.28,2.9,1.26,1.64,0.98,2.22,-1.25,7.96,128.15,0.89,25.45,181
2003-05-01,8.28,2.9,1.26,1.64,0.57,2.06,-1.48,4.52,101.11,0.47,20.71,145
2003-06-01,8.28,2.9,1.22,1.68,0.27,2.11,-1.84,20.39,82.39,0.45,20.11,83
2003-07-01,8.28,2.9,1.01,1.89,0.47,2.11,-1.64,14.18,79.98,0.39,20.69,31
2003-08-01,8.28,2.9,1.03,1.87,0.87,2.16,-1.29,11.31,70.62,0.4,17.65,112
2003-09-01,8.28,2.9,1.01,1.89,1.07,2.32,-1.25,-3.99,78.76,0.3,15.38,32
2003-10-01,8.28,2.9,1.01,1.89,1.78,2.04,-0.26,5.12,78.54,0.35,14.85,20
2003-11-01,8.28,2.9,1,1.9,2.9,1.77,1.13,17.62,73.73,0.29,12.08,21
2003-12-01,8.28,2.9,0.98,1.92,3.21,1.88,1.33,8.99,70.48,0.47,15,90
2004-01-01,8.28,2.9,1,1.9,3.21,1.93,1.28,3.75,77.35,0.36,16.86,52
2004-02-01,8.28,2.9,1.01,1.89,2.08,1.69,0.39,-3.32,76.87,0.39,12.73,68
2004-03-01,8.28,2.9,1,1.9,3.01,1.74,1.27,10.66,75.46,0.32,15.04,82
2004-04-01,8.28,2.9,1,1.9,3.73,2.29,1.44,29.49,76.7,0.45,16.65,97
2004-05-01,8.28,2.9,1,1.9,4.36,3.05,1.3,42.69,99.25,0.42,16.62,137
2004-06-01,8.28,2.9,1.03,1.87,4.88,3.27,1.62,23.81,76.56,0.45,14.78,141
2004-07-01,8.28,2.9,1.26,1.64,5.2,2.99,2.21,32.32,70.39,0.31,17.49,119
2004-08-01,8.28,2.9,1.43,1.47,5.2,2.65,2.55,42.24,68.75,0.26,15.69,106
2004-09-01,8.28,2.9,1.61,1.29,5.1,2.54,2.56,61.19,76.09,0.42,14.3,89
2004-10-01,8.28,2.9,1.76,1.14,4.16,3.19,0.97,75.29,89.35,0.33,15.52,205
2004-11-01,8.28,2.9,1.93,0.97,2.82,3.52,-0.71,56.75,81.34,0.36,13.93,113
2004-12-01,8.28,2.9,2.16,0.74,2.31,3.26,-0.95,34.39,66.51,0.41,17.01,51
2005-01-01,8.28,2.9,2.28,0.62,1.8,2.97,-1.17,37.62,63.92,0.45,17.35,103
2005-02-01,8.28,2.9,2.5,0.4,3.84,3.01,0.83,38.21,56.11,0.63,13.99,38
2005-03-01,8.28,2.9,2.63,0.27,2.6,3.15,-0.55,47.15,58.25,0.53,14.57,50
2005-04-01,8.28,2.9,2.79,0.11,1.78,3.51,-1.73,44.44,71.37,0.36,18.87,119
2005-05-01,8.28,2.9,3,-0.1,1.68,2.8,-1.12,23.96,68.16,0.41,16.54,97
2005-06-01,8.28,2.9,3.04,-0.14,1.58,2.53,-0.95,48.01,69.53,0.39,16.72,83
2005-07-01,8.23,2.9,3.26,-0.36,1.78,3.17,-1.39,44.29,60.84,0.72,13.62,76
2005-08-01,8.1,2.9,3.5,-0.6,1.28,3.64,-2.37,44.58,62.73,0.39,17.18,71
2005-09-01,8.09,2.9,3.62,-0.72,0.87,4.69,-3.81,43.17,89.31,0.5,15.09,179
2005-10-01,8.09,2.9,3.78,-0.88,1.28,4.35,-3.07,17.31,65.26,0.25,15.21,127
2005-11-01,8.08,2.9,4,-1.1,1.28,3.46,-2.18,20.15,66.13,0.39,13.51,80
2005-12-01,8.08,2.9,4.16,-1.26,1.58,3.42,-1.83,37.17,63.71,0.21,14.16,97
2006-01-01,8.07,,4.29,-4.29,2.29,3.99,-1.7,38.82,73.09,0.63,17.61,139
2006-02-01,8.05,,4.49,-4.49,0.98,3.6,-2.61,28.24,58.5,0.47,12.64,73
2006-03-01,8.04,,4.59,-4.59,0.98,3.36,-2.38,16.28,60.94,0.53,13.72,85
2006-04-01,8.01,,4.79,-4.79,1.49,3.55,-2.06,31.37,76.36,0.54,14.36,96
2006-05-01,8.01,,4.94,-4.94,1.59,4.17,-2.58,42.14,63.2,0.57,17.61,148
2006-06-01,8,,4.99,-4.99,1.9,4.32,-2.42,26.02,74.89,0.54,17.38,122
2006-07-01,7.99,,5.24,-5.24,1.59,4.15,-2.55,26.67,67.93,0.74,18.61,176
2006-08-01,7.97,,5.25,-5.25,1.69,3.82,-2.13,12.44,59.29,0.47,17.92,171
2006-09-01,7.93,,5.25,-5.25,1.49,2.06,-0.57,-2.34,59.12,0.49,13.8,45
2006-10-01,7.9,,5.25,-5.25,1.19,1.31,-0.12,-5.6,64.02,1.09,14.64,83
2006-11-01,7.86,,5.25,-5.25,1.8,1.97,-0.18,1.68,60.72,0.43,12.13,46
2006-12-01,7.82,,5.24,-5.24,2.81,2.54,0.27,4.48,59.36,0.41,15.57,72
2007-01-01,7.79,,5.25,-5.25,2.2,2.08,0.13,-16.02,67.45,0.36,14.48,84
2007-02-01,7.75,,5.26,-5.26,2.71,2.42,0.3,-3.7,57.85,0.5,15.24,43
2007-03-01,7.74,,5.26,-5.26,3.33,2.78,0.55,-3.71,65.38,0.41,26.02,98
2007-04-01,7.72,,5.25,-5.25,3.02,2.57,0.45,-8.18,64.61,0.33,18.75,113
2007-05-01,7.68,,5.25,-5.25,3.44,2.69,0.74,-10.49,56.25,0.32,16.41,83
2007-06-01,7.63,,5.25,-5.25,4.37,2.69,1.68,-4.9,57.7,0.38,18.92,46
2007-07-01,7.58,,5.26,-5.26,5.63,2.36,3.27,-0.42,55.14,0.38,25.21,30
2007-08-01,7.57,,5.02,-5.02,6.58,1.97,4.61,-0.9,74.72,0.29,40.31,133
2007-09-01,7.52,,4.94,-4.94,6.36,2.76,3.61,24.2,93.96,0.57,25.32,135
2007-10-01,7.5,,4.76,-4.76,6.58,3.54,3.04,45.94,79.27,0.57,22.75,130
2007-11-01,7.42,,4.49,-4.49,7,4.31,2.69,59.84,81.54,0.46,23.47,189
2007-12-01,7.37,,4.24,-4.24,6.58,4.08,2.5,47.96,96.35,0.49,26.13,154
2008-01-01,7.24,,3.94,-3.94,7.11,4.28,2.83,69.74,133.49,0.35,34.55,142
2008-02-01,7.16,,2.98,-2.98,8.8,4.03,4.78,60.89,103.04,0.29,23.83,86
2008-03-01,7.07,,2.61,-2.61,8.37,3.98,4.39,74.2,125.93,0.34,28.79,85
2008-04-01,7,,2.28,-2.28,8.59,3.94,4.65,75.59,98.6,0.29,22.19,54
2008-05-01,6.97,,1.98,-1.98,7.83,4.18,3.65,97.87,80.93,0.4,18.93,86
2008-06-01,6.9,,2,-2,7.18,5.02,2.16,98.48,95.24,0.37,18.25,76
2008-07-01,6.84,,2.01,-2.01,6.33,5.6,0.73,80.91,104.03,0.45,27.89,73
2008-08-01,6.85,,2,-2,4.97,5.37,-0.4,61.2,98.55,0.37,18.81,120
2008-09-01,6.83,,1.81,-1.81,4.65,4.94,-0.28,31.16,169.35,0.38,55.97,95
2008-10-01,6.84,,0.97,-0.97,4.03,3.66,0.37,-11.22,204.89,0.35,69.84,99
2008-11-01,6.83,,0.39,-0.39,2.48,1.07,1.41,-39.89,145.52,0.3,36.67,48
2008-12-01,6.85,,0.16,-0.16,1.26,0.09,1.17,-55.71,150.81,0.29,29.52,43
2009-01-01,6.84,,0.15,-0.15,0.96,0.03,0.93,-55.23,146.86,0.25,31.16,48
2009-02-01,6.84,,0.22,-0.22,-1.6,0.24,-1.83,-59.02,144.65,0.31,33.24,50
2009-03-01,6.84,,0.18,-0.18,-1.2,-0.38,-0.82,-54.52,136.04,0.25,34.06,47
2009-04-01,6.83,,0.15,-0.15,-1.5,-0.74,-0.76,-55.57,106.55,0.59,24.75,69
2009-05-01,6.82,,0.18,-0.18,-1.4,-1.28,-0.12,-52.85,100.43,0.4,24.98,66
2009-06-01,6.83,,0.21,-0.21,-1.7,-1.43,-0.27,-47.98,116.81,0.41,22.38,37
2009-07-01,6.83,,0.16,-0.16,-1.79,-2.1,0.3,-52.07,108.02,0.39,20.37,56
2009-08-01,6.83,,0.16,-0.16,-1.2,-1.48,0.28,-39.1,100.19,0.38,19.77,66
2009-09-01,6.83,,0.15,-0.15,-0.81,-1.29,0.48,-33.55,106.78,0.61,18.57,26
2009-10-01,6.83,,0.12,-0.12,-0.61,-0.18,-0.42,-0.6,87.69,0.43,19.06,37
2009-11-01,6.83,,0.12,-0.12,0.5,1.84,-1.34,36.87,98.2,0.37,19.36,104
2009-12-01,6.83,,0.12,-0.12,1.7,2.72,-1.02,83.61,97.71,0.37,14.91,60
2010-01-01,6.83,,0.11,-0.11,1.4,2.63,-1.23,88.37,111.85,0.37,22.08,90
2010-02-01,6.83,,0.13,-0.13,2.62,2.14,0.47,95.27,114.37,0.51,18.2,96
2010-03-01,6.83,,0.16,-0.16,2.2,2.31,-0.11,69.33,108.59,0.38,17.01,73
2010-04-01,6.83,,0.2,-0.2,2.62,2.24,0.38,69.31,99.71,0.56,20.62,55
2010-05-01,6.83,,0.2,-0.2,2.82,2.02,0.8,24.61,141.83,0.65,26.77,73
2010-06-01,6.82,,0.18,-0.18,2.72,1.05,1.66,8.15,133.76,0.37,21.08,100
2010-07-01,6.78,,0.18,-0.18,3.13,1.24,1.89,18.64,134.73,0.22,21.91,120
2010-08-01,6.79,,0.19,-0.19,3.23,1.15,2.08,7.82,117.39,0.33,16.9,164
2010-09-01,6.74,,0.19,-0.19,3.43,1.14,2.29,8.47,126.39,0.34,17.2,149
2010-10-01,6.67,,0.19,-0.19,4.26,1.17,3.09,8.02,115.86,0.28,17.02,133
2010-11-01,6.65,,0.19,-0.19,5.09,1.14,3.95,7.92,121.6,0.68,17.12,106
2010-12-01,6.65,,0.18,-0.18,4.57,1.5,3.08,19.75,131.64,0.53,14.1,101
2011-01-01,6.6,,0.17,-0.17,5,1.63,3.36,14.16,116.93,0.47,18.04,58
2011-02-01,6.58,,0.16,-0.16,5.07,2.11,2.96,17.18,93.16,0.4,13.26,67
2011-03-01,6.56,,0.14,-0.14,5.6,2.68,2.92,26.7,125.89,0.53,18.44,74
2011-04-01,6.53,,0.1,-0.1,5.5,3.16,2.33,30.36,117.93,0.27,16.57,83
2011-05-01,6.5,,0.09,-0.09,5.7,3.57,2.14,37.18,86,0.21,14.91,63
2011-06-01,6.47,,0.09,-0.09,6.67,3.56,3.11,27.79,112.6,0.36,18.84,39
2011-07-01,6.46,,0.07,-0.07,6.71,3.63,3.08,27.44,155.55,0.27,25.28,101
2011-08-01,6.4,,0.1,-0.1,6.37,3.77,2.6,12.68,212.03,0.3,60.87,102
2011-09-01,6.39,,0.08,-0.08,6.24,3.87,2.37,13.78,187.87,0.28,28.1,164
2011-10-01,6.37,,0.07,-0.07,5.6,3.53,2.07,5.51,171.79,0.37,29.69,114
2011-11-01,6.36,,0.08,-0.08,4.25,3.39,0.86,15.4,204.78,0.59,22.29,84
2011-12-01,6.35,,0.07,-0.07,4.03,2.96,1.06,10.29,192.61,0.55,23.17,59
2012-01-01,6.32,,0.08,-0.08,4.54,2.93,1.62,11.82,168.66,0.56,21.88,92
2012-02-01,6.3,,0.1,-0.1,3.13,2.87,0.25,14.41,149.38,0.82,18.29,119
2012-03-01,6.31,,0.13,-0.13,3.52,2.65,0.87,3.16,149.04,0.62,16.1,55
2012-04-01,6.3,,0.14,-0.14,3.33,2.3,1.02,-6.19,131.76,0.8,15.36,50
2012-05-01,6.32,,0.16,-0.16,2.94,1.7,1.23,-6.68,165.8,0.48,22.26,71
2012-06-01,6.36,,0.16,-0.16,2.06,1.66,0.39,-14.42,196.45,0.48,22.66,134
2012-07-01,6.37,,0.16,-0.16,1.7,1.41,0.3,-9.43,163.36,0.49,19.92,103
2012-08-01,6.36,,0.13,-0.13,2.08,1.69,0.39,9.02,127.32,0.3,16.61,65
2012-09-01,6.32,,0.14,-0.14,1.91,1.99,-0.08,10.57,152.83,0.37,16.11,103
2012-10-01,6.26,,0.16,-0.16,1.71,2.16,-0.45,3.69,163.14,0.34,17.12,125
2012-11-01,6.23,,0.16,-0.16,2.07,1.76,0.31,-10.7,171.54,0.31,15.51,76
2012-12-01,6.23,,0.16,-0.16,2.53,1.74,0.79,-10.45,166.3,0.31,16.37,137
2013-01-01,6.22,,0.14,-0.14,2.02,1.59,0.43,-5.37,165.62,0.34,17.57,111
2013-02-01,6.23,,0.15,-0.15,3.24,1.98,1.26,-6.83,126.06,0.47,18.75,69
2013-03-01,6.22,,0.14,-0.14,2.12,1.47,0.65,-12.23,139.04,0.41,17.91,70
2013-04-01,6.19,,0.15,-0.15,2.42,1.06,1.36,-10.9,135.22,0.65,15.79,55
2013-05-01,6.14,,0.11,-0.11,2.09,1.36,0.73,0.25,105.25,0.27,15.01,57
2013-06-01,6.13,,0.09,-0.09,2.66,1.75,0.91,16.22,117.82,0.41,16.89,173
2013-07-01,6.13,,0.09,-0.09,2.67,1.96,0.71,18.78,107.87,0.27,15.04,75
2013-08-01,6.12,,0.08,-0.08,2.52,1.52,1,13.09,125.25,0.27,13.4,94
2013-09-01,6.12,,0.08,-0.08,3.02,1.18,1.83,12.34,132.2,0.37,19.15,132
2013-10-01,6.1,,0.09,-0.09,3.23,0.96,2.26,12.23,152.16,0.34,19.51,179
2013-11-01,6.09,,0.08,-0.08,2.95,1.24,1.71,8.22,96.52,0.5,15.26,83
2013-12-01,6.07,,0.09,-0.09,2.51,1.5,1,10.91,121.76,0.36,15.09,82
2014-01-01,6.05,,0.07,-0.07,2.51,1.58,0.93,0.25,113.11,0.27,15.26,111
2014-02-01,6.08,,0.07,-0.07,1.91,1.13,0.78,5.66,96.03,0.29,11.62,103
2014-03-01,6.17,,0.08,-0.08,2.31,1.51,0.8,7.91,111.73,0.61,15.19,97
2014-04-01,6.22,,0.09,-0.09,1.7,1.95,-0.26,10.98,105.48,0.43,18.06,64
2014-05-01,6.24,,0.09,-0.09,2.41,2.13,0.29,7.63,106.49,0.46,13.74,116
2014-06-01,6.23,,0.1,-0.1,2.31,2.07,0.24,9.88,89.34,0.22,11.84,74
2014-07-01,6.2,,0.09,-0.09,2.21,1.99,0.22,-1.42,97.24,0.57,14.06,111
2014-08-01,6.15,,0.09,-0.09,1.9,1.7,0.2,-9.51,107.81,0.4,14.35,123
2014-09-01,6.14,,0.09,-0.09,1.61,1.66,-0.05,-12.33,129.71,0.45,11.19,82
2014-10-01,6.13,,0.09,-0.09,1.51,1.66,-0.16,-16.06,122.64,0.24,21.93,89
2014-11-01,6.12,,0.09,-0.09,1.3,1.32,-0.02,-19.33,120.16,0.37,13.9,42
2014-12-01,6.19,,0.12,-0.12,1.41,0.76,0.65,-39.59,113.89,0.25,14.29,55
2015-01-01,6.22,,0.11,-0.11,0.71,-0.09,0.8,-49.92,142.65,0.29,23.34,168
2015-02-01,6.25,,0.11,-0.11,1.41,-0.03,1.44,-49.5,118.92,0.32,14.08,144
2015-03-01,6.24,,0.11,-0.11,1.32,-0.07,1.39,-52.49,106.73,0.4,12.38,150
2015-04-01,6.2,,0.12,-0.12,1.53,-0.2,1.73,-46.78,100.93,0.5,14.47,108
2015-05-01,6.2,,0.12,-0.12,1.22,-0.04,1.26,-41.77,103.19,0.3,11.77,104
2015-06-01,6.21,,0.13,-0.13,1.32,0.12,1.2,-43.15,115.41,0.32,14.93,115
2015-07-01,6.21,,0.13,-0.13,1.73,0.17,1.56,-50.27,127.98,0.73,23.86,148
2015-08-01,6.34,,0.14,-0.14,2.03,0.2,1.84,-55.45,130.18,0.44,31.48,222
2015-09-01,6.37,,0.14,-0.14,1.62,-0.04,1.65,-51.21,178.06,0.42,24.71,276
2015-10-01,6.35,,0.12,-0.12,1.21,0.17,1.04,-45.18,125.85,0.28,19.64,199
2015-11-01,6.36,,0.12,-0.12,1.52,0.5,1.02,-43.75,100.64,0.49,13.43,91
2015-12-01,6.45,,0.24,-0.24,1.62,0.73,0.89,-36.77,116.66,0.47,16.98,120
2016-01-01,6.57,,0.34,-0.34,1.81,1.37,0.44,-33.17,146.44,0.7,28.64,188
2016-02-01,6.55,,0.38,-0.38,2.19,1.02,1.17,-40.27,155.38,0.5,24.87,203
2016-03-01,6.5,,0.36,-0.36,2.3,0.85,1.45,-20.68,169.46,0.51,17.74,126
2016-04-01,6.48,,0.37,-0.37,2.31,1.13,1.18,-24.54,147.88,0.36,13.3,94
2016-05-01,6.53,,0.37,-0.37,2.11,1.02,1.09,-21.13,130.77,0.45,14.47,67
2016-06-01,6.59,,0.38,-0.38,1.91,1,0.91,-18.45,235.7,0.3,20.14,358
2016-07-01,6.68,,0.39,-0.39,1.7,0.83,0.87,-12.31,227.77,0.38,16.57,273
2016-08-01,6.65,,0.4,-0.4,1.29,1.06,0.23,4.29,146.62,0.29,14.33,132
2016-09-01,6.67,,0.4,-0.4,1.89,1.46,0.43,-0.68,154.22,0.58,13.76,109
2016-10-01,6.73,,0.4,-0.4,2.2,1.64,0.56,7.65,131.36,0.27,13.28,124
2016-11-01,6.84,,0.41,-0.41,2.3,1.69,0.61,6.78,241.84,0.48,18.36,291
2016-12-01,6.92,,0.54,-0.54,1.99,2.07,-0.09,39.19,231.63,0.59,12.27,157
2017-01-01,6.89,,0.65,-0.65,2.57,2.5,0.07,65.37,275.3,0.64,17.74,230
2017-02-01,6.87,,0.66,-0.66,0.78,2.74,-1.96,75.95,208.11,0.72,15.7,132
2017-03-01,6.89,,0.79,-0.79,0.98,2.38,-1.4,30.24,245.85,0.63,14.35,120
2017-04-01,6.89,,0.9,-0.9,1.18,2.2,-1.02,24.72,181.68,1.08,17.04,131
2017-05-01,6.88,,0.91,-0.91,1.67,1.87,-0.2,3.67,167.46,0.69,11.8,109
2017-06-01,6.81,,1.04,-1.04,1.68,1.63,0.04,-7.39,170.78,0.54,12.23,131
2017-07-01,6.77,,1.15,-1.15,1.38,1.73,-0.35,3.75,150.22,0.91,14.35,156
2017-08-01,6.67,,1.16,-1.16,1.77,1.94,-0.17,7.37,141.24,1.26,16.16,132
2017-09-01,6.57,,1.15,-1.15,1.66,2.23,-0.57,10.03,160.92,1.22,9.57,112
2017-10-01,6.63,,1.15,-1.15,1.86,2.04,-0.18,3.54,155.99,0.6,12.17,79
2017-11-01,6.62,,1.16,-1.16,1.76,2.2,-0.44,24.78,160.73,0.75,15.36,84
2017-12-01,6.59,,1.3,-1.3,1.85,2.11,-0.26,11.27,155.04,0.73,18.27,94
2018-01-01,6.42,,1.41,-1.41,1.45,2.07,-0.62,20.97,146.56,0.69,17.54,76
2018-02-01,6.32,,1.42,-1.42,2.9,2.21,0.69,16.42,127.24,0.29,26.63,128
2018-03-01,6.32,,1.51,-1.51,2.03,2.36,-0.32,27.28,163,0.95,17.6,119
2018-04-01,6.3,,1.69,-1.69,1.84,2.46,-0.62,29.58,162.13,1.11,17.06,104
2018-05-01,6.37,,1.7,-1.7,1.55,2.8,-1.25,43.94,175.52,1.52,15.95,153
2018-06-01,6.47,,1.82,-1.82,1.75,2.87,-1.13,50.22,177.61,1.17,12.35,101
2018-07-01,6.72,,1.91,-1.91,2.14,2.95,-0.81,52.58,228.81,1.02,12.58,128
2018-08-01,6.85,,1.91,-1.91,2.32,2.7,-0.38,41.37,188.56,0.96,14.98,126
2018-09-01,6.86,,1.95,-1.95,2.4,2.28,0.12,41.13,205.74,0.77,18.34,102
2018-10-01,6.92,,2.19,-2.19,2.5,2.52,-0.03,37.19,231.89,1.04,24.37,122
2018-11-01,6.94,,2.2,-2.2,2.11,2.18,-0.07,-0.97,260.53,0.67,22.66,135
2018-12-01,6.88,,2.27,-2.27,1.91,1.91,0,-15.54,274.74,0.82,39.39,317
2019-01-01,6.79,,2.4,-2.4,1.71,1.55,0.16,-19.43,263.59,0.93,38.01,281
2019-02-01,6.74,,2.4,-2.4,1.5,1.52,-0.02,-11.62,213.66,1.07,16.68,245
2019-03-01,6.71,,2.41,-2.41,2.28,1.86,0.42,-7.42,260.04,0.77,20.77,159
2019-04-01,6.72,,2.42,-2.42,2.57,2,0.57,-3.68,202.29,0.56,18.81,87
2019-05-01,6.85,,2.39,-2.39,2.76,1.79,0.97,-13.1,255.74,1.17,19.53,109
2019-06-01,6.9,,2.38,-2.38,2.67,1.65,1.02,-19.46,337.76,1.29,19.79,394
2019-07-01,6.88,,2.4,-2.4,2.76,1.81,0.95,-19.27,271.12,0.76,21.45,327
2019-08-01,7.06,,2.13,-2.13,2.83,1.75,1.08,-19.28,321,1.22,30.88,407
2019-09-01,7.11,,2.04,-2.04,3,1.71,1.29,-18.99,290.41,0.73,16.24,292
2019-10-01,7.1,,1.83,-1.83,3.75,1.76,1.98,-23.73,273.53,0.67,13.92,373
2019-11-01,7.02,,1.55,-1.55,4.51,2.05,2.46,0.87,267.39,0.6,18.75,263
2019-12-01,7.01,,1.55,-1.55,4.41,2.29,2.13,22.38,281.98,0.6,21.41,257
2020-01-01,6.92,,1.55,-1.55,5.42,2.49,2.93,12.67,239.1,1.26,15.69,200
2020-02-01,7,,1.58,-1.58,5.18,2.33,2.85,-7.98,235.76,0.87,24.44,262
2020-03-01,7.02,,0.65,-0.65,4.27,1.54,2.73,-49.6,354.97,0.67,63.36,196
2020-04-01,7.07,,0.05,-0.05,3.25,0.33,2.92,-73.42,367.47,0.6,38.32,105
2020-05-01,7.1,,0.05,-0.05,2.41,0.12,2.29,-52.62,437.08,0.76,35.74,117
2020-06-01,7.08,,0.08,-0.08,2.51,0.65,1.86,-29.91,342.27,0.77,37.05,135
2020-07-01,7,,0.09,-0.09,1.76,0.99,0.77,-29.04,350.27,0.93,28.31,157
2020-08-01,6.93,,0.1,-0.1,2.39,1.31,1.08,-22.72,313.39,0.66,29.67,140
2020-09-01,6.81,,0.09,-0.09,1.73,1.37,0.36,-30.36,299.02,0.86,20.93,175
2020-10-01,6.73,,0.09,-0.09,0.54,1.18,-0.64,-26.97,310.66,0.65,30.43,101
2020-11-01,6.6,,0.09,-0.09,-0.45,1.17,-1.62,-26.97,378.91,0.42,20.5,139
2020-12-01,6.54,,0.09,-0.09,0.27,1.36,-1.09,-21.38,301.49,0.59,22.39,55
2021-01-01,6.47,,0.09,-0.09,-0.22,1.4,-1.62,-10.17,288.18,0.77,26.76,129
2021-02-01,6.46,,0.08,-0.08,-0.42,1.68,-2.1,17.05,220.64,0.72,24.27,100
2021-03-01,6.51,,0.07,-0.07,0.32,2.62,-2.3,112.08,220.97,0.84,29.48,152
2021-04-01,6.52,,0.07,-0.07,0.92,4.16,-3.24,261.81,207.93,0.74,24.68,44
2021-05-01,6.43,,0.06,-0.06,1.64,4.99,-3.35,126.4,195.98,0.64,19.79,133
2021-06-01,6.43,,0.08,-0.08,1.24,5.39,-4.15,86.29,187.23,0.73,21.95,152
2021-07-01,6.48,,0.1,-0.1,1.91,5.37,-3.45,78.29,206.02,0.52,16.62,123
2021-08-01,6.48,,0.09,-0.09,0.64,5.25,-4.61,60.19,222.9,0.59,19.64,189
2021-09-01,6.46,,0.08,-0.08,0.46,5.39,-4.93,80.65,208.52,0.84,23.48,217
2021-10-01,6.42,,0.08,-0.08,1.43,6.22,-4.79,106.48,200.58,0.76,19.68,80
2021-11-01,6.39,,0.08,-0.08,2.48,6.81,-4.33,91.1,228.85,0.8,14.14,244
2021-12-01,6.37,,0.08,-0.08,1.44,7.04,-5.59,52.54,270.54,0.86,16.7,230
2022-01-01,6.36,,0.08,-0.08,0.99,7.48,-6.49,60.61,240.49,0.8,20.5,226
2022-02-01,6.34,,0.08,-0.08,0.99,7.87,-6.89,54.65,202.07,1.5,23.03,292
2022-03-01,6.34,,0.2,-0.2,1.49,8.54,-7.06,74.32,338.13,2.47,23.05,366
2022-04-01,6.43,,0.33,-0.33,2.18,8.26,-6.07,66.05,322.65,1.13,20.31,345
2022-05-01,6.7,,0.77,-0.77,2.09,8.58,-6.49,68.37,302.72,1.01,27.86,266
2022-06-01,6.7,,1.21,-1.21,2.49,9.06,-6.56,60.66,291.81,0.85,17.1,189
2022-07-01,6.74,,1.68,-1.68,2.69,8.52,-5.84,40.4,327.86,0.81,24.54,284
2022-08-01,6.8,,2.33,-2.33,2.49,8.26,-5.78,38.04,262.56,1.24,14.14,183
2022-09-01,7.02,,2.56,-2.56,2.78,8.2,-5.42,17.98,288.36,1.14,16.86,272
2022-10-01,7.19,,3.08,-3.08,2.17,7.75,-5.57,7.28,306.82,1.18,20.87,231
2022-11-01,7.18,,3.78,-3.78,1.57,7.11,-5.54,6.3,345.51,1.12,17.71,258
2022-12-01,6.97,,4.1,-4.1,1.78,6.45,-4.68,6.66,278.5,0.87,21.68,206
2023-01-01,6.79,,4.33,-4.33,2.06,6.41,-4.35,-6.04,262.31,0.67,20.09,210
2023-02-01,6.84,,4.57,-4.57,0.98,6.04,-5.06,-15.92,260.53,1.49,18.83,203
2023-03-01,6.89,,4.65,-4.65,0.68,4.98,-4.3,-32.34,328.4,1.41,31.19,222
2023-04-01,6.89,,4.83,-4.83,0.1,4.93,-4.83,-22.41,249.85,1.23,21.04,237
2023-05-01,6.99,,5.06,-5.06,0.19,4.05,-3.85,-34.67,230.89,1.08,23.97,292
2023-06-01,7.16,,5.08,-5.08,0,2.97,-2.97,-38.69,243.78,1.06,18.83,245
2023-07-01,7.19,,5.12,-5.12,-0.29,3.18,-3.47,-25.66,241.79,0.98,18.11,111
2023-08-01,7.25,,5.33,-5.33,0.1,3.67,-3.57,-13.15,229.01,0.99,17.28,194
2023-09-01,7.3,,5.33,-5.33,0,3.7,-3.7,5.74,262.2,1.09,19.57,178
2023-10-01,7.31,,5.33,-5.33,-0.19,3.24,-3.43,-2.08,240.39,1.04,16.61,206