Date,spot_ER_Russia,SR_interest_rate_russia,SR_interest_rate_USA,SR_Interest_rate_diff_R_U,CPI_Inflation_Russia,CPI_inflation_USA,CPI_inflation_diff_R_U,Oil_price_growth_rate_WTI,global_EPU_PPP,gprc_russia,US_EMV,US_MPU
1997-01-01,5.63,48,5.25,42.75,19.74,3.04,16.7,33.32,76.65,0.28,21.05,83
1997-02-01,5.68,42,5.19,36.81,18.28,3.03,15.25,16.44,80.08,0.36,19.48,88
1997-03-01,5.73,42,5.39,36.61,16.71,2.76,13.95,-1.7,65.38,0.36,22.96,91
1997-04-01,5.76,36,5.51,30.49,15.34,2.5,12.84,-16.22,74.74,0.3,23.86,79
1997-05-01,5.77,36,5.5,30.5,14.59,2.23,12.35,-1.94,73.52,0.36,17.66,117
1997-06-01,5.78,24,5.56,18.44,14.51,2.3,12.21,-6.28,79.76,0.2,20.72,52
1997-07-01,5.8,24,5.52,18.48,14.75,2.23,12.52,-7.9,61.81,0.23,20.17,68
1997-08-01,5.83,24,5.54,18.46,14.83,2.23,12.6,-9.12,58.76,0.23,20.95,54
1997-09-01,5.86,24,5.54,18.46,14.11,2.15,11.95,-17.26,64.91,0.24,19.09,43
1997-10-01,5.89,21,5.5,15.5,12.95,2.08,10.86,-14.61,78.47,0.39,32.7,104
1997-11-01,5.92,28,5.52,22.48,11.54,1.83,9.71,-15.34,89.58,0.77,28.99,92
1997-12-01,5.96,28,5.5,22.5,11.03,1.7,9.33,-28.24,94.76,0.35,25.81,114
1998-01-01,6.03,28,5.56,22.44,10.13,1.57,8.56,-33.54,92.54,0.46,32.16,115
1998-02-01,6.07,39,5.51,33.49,9.43,1.44,7.99,-27.71,80.72,0.77,20.03,155
1998-03-01,6.11,30,5.49,24.51,8.57,1.37,7.2,-28.38,81.62,0.42,17.94,67
1998-04-01,6.13,30,5.45,24.55,7.95,1.44,6.51,-22.64,71.78,0.38,22.26,84
1998-05-01,6.16,150,5.49,144.51,7.48,1.69,5.79,-28.81,79.4,0.73,22.99,127
1998-06-01,6.2,80,5.56,74.44,6.4,1.68,4.71,-28.69,80.09,0.69,24.2,72
1998-07-01,6.24,60,5.54,54.46,5.59,1.68,3.91,-28.17,96.19,0.37,27.64,75
1998-08-01,7.91,60,5.55,54.45,9.62,1.62,8.01,-32.94,105.85,0.62,39.75,167
1998-09-01,16.06,60,5.51,54.49,52.21,1.49,50.72,-24.52,137.43,0.49,50.15,166
1998-10-01,16.01,60,5.07,54.93,58.85,1.49,57.36,-32.34,113.4,0.4,43.79,113
1998-11-01,17.88,60,4.83,55.17,66.84,1.55,65.29,-36.32,89.47,0.51,34.86,179
1998-12-01,20.65,60,4.68,55.32,84.44,1.61,82.82,-38.46,87.53,0.6,25.64,83
1999-01-01,22.6,60,4.63,55.37,96.92,1.67,95.25,-25.74,95.32,0.58,34.02,135
1999-02-01,22.86,60,4.76,55.24,103.24,1.61,101.64,-25.26,77.96,0.47,21.44,102
1999-03-01,24.18,60,4.81,55.19,107.58,1.73,105.86,-2.39,61.63,0.78,22.88,62
1999-04-01,24.23,60,4.74,55.26,113.06,2.28,110.79,13.49,58.4,1.05,21.43,63
1999-05-01,24.44,60,4.74,55.26,116.71,2.09,114.62,19.51,72.06,0.77,19.48,94
1999-06-01,24.22,55,4.76,50.24,120.67,1.96,118.71,30.96,70.96,0.7,20.6,116
1999-07-01,24.19,55,4.99,50.01,126.51,2.14,124.37,42.25,70.47,0.3,23.39,116
1999-08-01,24.75,55,5.07,49.93,121.03,2.26,118.76,59.08,61.11,0.56,26.13,81
1999-09-01,25.08,55,5.22,49.78,62.03,2.63,59.4,59.38,65.16,0.67,22.1,97
1999-10-01,26.05,55,5.2,49.8,57.12,2.56,54.56,57.01,66.9,0.84,25.32,106
1999-11-01,26.42,55,5.42,49.58,50.52,2.62,47.89,96.21,65.2,0.65,19.45,110
1999-12-01,27,55,5.3,49.7,36.56,2.68,33.87,131.14,56.47,0.97,17.24,86
2000-01-01,28.55,45,5.45,39.55,28.93,2.74,26.2,118.92,61.93,0.73,24.41,74
2000-02-01,28.66,45,5.73,39.27,25.11,3.22,21.89,144.6,54.17,0.53,19.91,37
2000-03-01,28.46,33,5.85,27.15,22.49,3.76,18.73,103.89,57.86,0.35,26.1,117
2000-04-01,28.4,33,6.02,26.98,19.95,3.07,16.88,49.03,60.74,0.44,43.43,78
2000-05-01,28.25,33,6.27,26.73,19.4,3.19,16.21,62.5,83.03,0.47,34.31,155
2000-06-01,28.07,33,6.53,26.47,20.15,3.73,16.42,78.09,82.19,0.52,24.22,117
2000-07-01,27.8,28,6.54,21.46,18.94,3.66,15.28,49.51,58.75,0.41,20.33,73
2000-08-01,27.75,28,6.5,21.5,18.73,3.41,15.32,46.86,51.14,0.34,18.05,64
2000-09-01,27.75,28,6.52,21.48,18.54,3.45,15.09,42.29,61.39,0.36,18.6,58
2000-10-01,27.83,25,6.51,18.49,19.41,3.45,15.96,46.41,67.85,0.45,28.47,135
2000-11-01,27.85,25,6.51,18.49,19.75,3.45,16.3,37.8,103.55,0.29,30.65,227
2000-12-01,28.16,25,6.4,18.6,20.2,3.39,16.81,9.01,97.45,0.32,34.11,156
2001-01-01,28.37,25,5.98,19.02,20.71,3.73,16.97,8.29,94.59,0.39,28.86,142
2001-02-01,28.72,25,5.49,19.51,22.19,3.53,18.65,0.75,93.79,0.44,20.95,127
2001-03-01,28.74,25,5.31,19.69,23.67,2.92,20.75,-8.87,105.65,0.35,31.15,130
2001-04-01,28.83,25,4.8,20.2,24.77,3.27,21.5,6.41,100.74,0.28,27.16,122
2001-05-01,29.09,25,4.21,20.79,24.81,3.62,21.19,-0.77,80.03,0.51,22.15,123
2001-06-01,29.11,25,3.97,21.03,23.68,3.25,20.43,-13.37,69.43,0.45,17.06,85
2001-07-01,29.27,25,3.77,21.23,22.05,2.72,19.33,-11.83,94.41,0.51,22.32,107
2001-08-01,29.37,25,3.65,21.35,20.88,2.72,18.16,-12.01,84.08,0.33,19.97,112
2001-09-01,29.39,25,3.07,21.93,20.02,2.65,17.37,-22.59,167.84,1.7,42.43,239
2001-10-01,29.7,25,2.49,22.51,18.82,2.13,16.69,-32.85,166.14,1.82,29.34,256
2001-11-01,29.9,25,2.09,22.91,18.63,1.9,16.73,-43.32,120.09,1.38,26.4,156
2001-12-01,30.14,25,1.82,23.18,18.58,1.55,17.03,-31.95,103.96,0.9,24.36,120
2002-01-01,30.69,25,1.73,23.27,18.96,1.14,17.82,-33.49,104.61,0.46,28.65,122
2002-02-01,30.93,25,1.74,23.26,17.66,1.14,16.52,-29.77,88.28,0.52,24.85,43
2002-03-01,31.12,25,1.73,23.27,16.76,1.48,15.29,-10.03,79.13,0.6,17.77,109
2002-04-01,31.2,23,1.75,21.25,16.04,1.64,14.4,-4.33,82.52,0.54,20.09,115
2002-05-01,31.31,23,1.75,21.25,15.94,1.18,14.75,-5.62,75.04,0.84,18.92,110
2002-06-01,31.45,23,1.75,21.25,14.69,1.07,13.62,-7.54,93.43,0.72,24.8,137
2002-07-01,31.44,23,1.73,21.27,15,1.46,13.54,1.87,94.25,0.38,51.59,72
2002-08-01,31.57,21,1.74,19.26,15.09,1.8,13.29,3.33,103.82,0.55,39.48,166
2002-09-01,31.64,21,1.75,19.25,14.86,1.51,13.35,13.06,120.79,1.04,31.97,149
2002-10-01,31.74,21,1.75,19.25,14.84,2.03,12.81,29.91,117.62,1.21,31.46,161
2002-11-01,31.84,21,1.34,19.66,15.12,2.2,12.93,34.42,116.31,0.95,23.59,220
2002-12-01,31.78,21,1.24,19.76,15.06,2.38,12.68,52.96,113.59,0.9,24.48,137
2003-01-01,31.82,21,1.24,19.76,14.29,2.6,11.69,67.85,117.03,1.16,26.34,220
2003-02-01,31.58,18,1.26,16.74,14.82,2.98,11.84,72.87,125.2,1.33,22.73,179
2003-03-01,31.38,18,1.25,16.75,14.78,3.02,11.76,35.54,158.93,1.7,30.03,332
2003-04-01,31.1,18,1.26,16.74,14.62,2.22,12.4,7.96,128.15,1.16,25.45,181
2003-05-01,30.71,18,1.26,16.74,13.62,2.06,11.56,4.52,101.11,0.93,20.71,145
2003-06-01,30.35,16,1.22,14.78,13.93,2.11,11.81,20.39,82.39,0.6,20.11,83
2003-07-01,30.26,16,1.01,14.99,13.91,2.11,11.8,14.18,79.98,0.35,20.69,31
2003-08-01,30.5,16,1.03,14.97,13.35,2.16,11.19,11.31,70.62,0.65,17.65,112
2003-09-01,30.61,16,1.01,14.99,13.28,2.32,10.96,-3.99,78.76,0.51,15.38,32
2003-10-01,29.86,16,1.01,14.99,13.2,2.04,11.16,5.12,78.54,0.56,14.85,20
2003-11-01,29.74,16,1,15,12.48,1.77,10.71,17.62,73.73,0.39,12.08,21
2003-12-01,29.45,16,0.98,15.02,11.99,1.88,10.11,8.99,70.48,0.49,15,90
2004-01-01,28.49,14,1,13,11.28,1.93,9.35,3.75,77.35,0.33,16.86,52
2004-02-01,28.52,14,1.01,12.99,10.58,1.69,8.88,-3.32,76.87,0.5,12.73,68
2004-03-01,28.49,14,1,13,10.25,1.74,8.51,10.66,75.46,0.42,15.04,82
2004-04-01,28.88,14,1,13,10.22,2.29,7.93,29.49,76.7,0.42,16.65,97
2004-05-01,28.99,14,1,13,10.15,3.05,7.1,42.69,99.25,0.32,16.62,137
2004-06-01,29.03,13,1.03,11.97,10.13,3.27,6.86,23.81,76.56,0.58,14.78,141
2004-07-01,29.1,13,1.26,11.74,10.36,2.99,7.37,32.32,70.39,0.37,17.49,119
2004-08-01,29.24,13,1.43,11.57,11.28,2.65,8.62,42.24,68.75,0.54,15.69,106
2004-09-01,29.22,13,1.61,11.39,11.38,2.54,8.84,61.19,76.09,0.99,14.3,89
2004-10-01,28.77,13,1.76,11.24,11.53,3.19,8.34,75.29,89.35,0.49,15.52,205
2004-11-01,28.24,13,1.93,11.07,11.7,3.52,8.17,56.75,81.34,0.5,13.93,113
2004-12-01,27.75,13,2.16,10.84,11.74,3.26,8.49,34.39,66.51,0.38,17.01,51
2005-01-01,28.08,13,2.28,10.72,12.7,2.97,9.73,37.62,63.92,0.33,17.35,103
2005-02-01,27.77,13,2.5,10.5,12.96,3.01,9.96,38.21,56.11,0.52,13.99,38
2005-03-01,27.83,13,2.63,10.37,13.63,3.15,10.48,47.15,58.25,0.49,14.57,50
2005-04-01,27.77,13,2.79,10.21,13.77,3.51,10.26,44.44,71.37,0.26,18.87,119
2005-05-01,28.09,13,3,10,13.84,2.8,11.04,23.96,68.16,0.42,16.54,97
2005-06-01,28.67,13,3.04,9.96,13.68,2.53,11.15,48.01,69.53,0.3,16.72,83
2005-07-01,28.63,13,3.26,9.74,13.16,3.17,10,44.29,60.84,0.58,13.62,76
2005-08-01,28.55,13,3.5,9.5,12.53,3.64,8.89,44.58,62.73,0.41,17.18,71
2005-09-01,28.5,13,3.62,9.38,12.33,4.69,7.64,43.17,89.31,0.47,15.09,179
2005-10-01,28.42,13,3.78,9.22,11.68,4.35,7.33,17.31,65.26,0.39,15.21,127
2005-11-01,28.73,13,4,9,11.27,3.46,7.81,20.15,66.13,0.35,13.51,80
2005-12-01,28.78,12,4.16,7.84,10.91,3.42,7.5,37.17,63.71,0.25,14.16,97
2006-01-01,28.12,12,4.29,7.71,10.71,3.99,6.72,38.82,73.09,0.67,17.61,139
2006-02-01,28.12,12,4.49,7.51,11.18,3.6,7.58,28.24,58.5,0.54,12.64,73
2006-03-01,27.76,12,4.59,7.41,10.61,3.36,7.25,16.28,60.94,0.58,13.72,85
2006-04-01,27.27,12,4.79,7.21,9.77,3.55,6.22,31.37,76.36,0.5,14.36,96
2006-05-01,26.98,12,4.94,7.06,9.42,4.17,5.25,42.14,63.2,0.54,17.61,148
2006-06-01,27.08,11.5,4.99,6.51,9.03,4.32,4.71,26.02,74.89,0.59,17.38,122
2006-07-01,26.87,11.5,5.24,6.26,9.26,4.15,5.11,26.67,67.93,0.88,18.61,176
2006-08-01,26.74,11.5,5.25,6.25,9.62,3.82,5.8,12.44,59.29,0.55,17.92,171
2006-09-01,26.78,11.5,5.25,6.25,9.44,2.06,7.38,-2.34,59.12,0.52,13.8,45
2006-10-01,26.75,11,5.25,5.75,9.15,1.31,7.84,-5.6,64.02,0.79,14.64,83
2006-11-01,26.31,11,5.25,5.75,9.03,1.97,7.05,1.68,60.72,0.41,12.13,46
2006-12-01,26.33,11,5.24,5.76,9,2.54,6.46,4.48,59.36,0.54,15.57,72
2007-01-01,26.53,10.5,5.25,5.25,8.2,2.08,6.12,-16.02,67.45,0.33,14.48,84
2007-02-01,26.16,10.5,5.26,5.24,7.61,2.42,5.2,-3.7,57.85,0.59,15.24,43
2007-03-01,26.01,10.5,5.26,5.24,7.37,2.78,4.59,-3.71,65.38,0.39,26.02,98
2007-04-01,25.69,10.5,5.25,5.25,7.6,2.57,5.03,-8.18,64.61,0.29,18.75,113
2007-05-01,25.9,10.5,5.25,5.25,7.76,2.69,5.07,-10.49,56.25,0.38,16.41,83
2007-06-01,25.82,10,5.25,4.75,8.48,2.69,5.8,-4.9,57.7,0.5,18.92,46
2007-07-01,25.6,10,5.26,4.74,8.7,2.36,6.34,-0.42,55.14,0.42,25.21,30
2007-08-01,25.65,10,5.02,4.98,8.59,1.97,6.62,-0.9,74.72,0.33,40.31,133
2007-09-01,24.95,10,4.94,5.06,9.35,2.76,6.59,24.2,93.96,0.5,25.32,135
2007-10-01,24.72,10,4.76,5.24,10.83,3.54,7.3,45.94,79.27,0.57,22.75,130
2007-11-01,24.35,10,4.49,5.51,11.49,4.31,7.19,59.84,81.54,0.44,23.47,189
2007-12-01,24.55,10,4.24,5.76,11.87,4.08,7.79,47.96,96.35,0.63,26.13,154
2008-01-01,24.48,10,3.94,6.06,12.56,4.28,8.28,69.74,133.49,0.29,34.55,142
2008-02-01,24.12,10.25,2.98,7.27,12.66,4.03,8.64,60.89,103.04,0.38,23.83,86
2008-03-01,23.52,10.25,2.61,7.64,13.35,3.98,9.36,74.2,125.93,0.29,28.79,85
2008-04-01,23.65,10.5,2.28,8.22,14.3,3.94,10.37,75.59,98.6,0.28,22.19,54
2008-05-01,23.74,10.5,1.98,8.52,15.12,4.18,10.95,97.87,80.93,0.34,18.93,86
2008-06-01,23.46,10.75,2,8.75,15.14,5.02,10.12,98.48,95.24,0.33,18.25,76
2008-07-01,23.45,11,2.01,8.99,14.73,5.6,9.13,80.91,104.03,0.54,27.89,73
2008-08-01,24.58,11,2,9,15.04,5.37,9.67,61.2,98.55,1.12,18.81,120
2008-09-01,25.25,11,1.81,9.19,15.05,4.94,10.12,31.16,169.35,0.83,55.97,95
2008-10-01,26.54,11,0.97,10.03,14.23,3.66,10.57,-11.22,204.89,0.42,69.84,99
2008-11-01,27.61,12,0.39,11.61,13.78,1.07,12.71,-39.89,145.52,0.47,36.67,48
2008-12-01,29.38,13,0.16,12.84,13.28,0.09,13.19,-55.71,150.81,0.38,29.52,43
2009-01-01,35.41,13,0.15,12.85,13.35,0.03,13.32,-55.23,146.86,0.32,31.16,48
2009-02-01,35.72,13,0.22,12.78,13.85,0.24,13.62,-59.02,144.65,0.36,33.24,50
2009-03-01,34.01,13,0.18,12.82,13.98,-0.38,14.36,-54.52,136.04,0.32,34.06,47
2009-04-01,33.25,12.5,0.15,12.35,13.16,-0.74,13.89,-55.57,106.55,0.6,24.75,69
2009-05-01,30.98,12,0.18,11.82,12.28,-1.28,13.57,-52.85,100.43,0.44,24.98,66
2009-06-01,31.29,11.5,0.21,11.29,11.87,-1.43,13.3,-47.98,116.81,0.46,22.38,37
2009-07-01,31.76,11,0.16,10.84,12.01,-2.1,14.1,-52.07,108.02,0.53,20.37,56
2009-08-01,31.57,10.75,0.16,10.59,11.6,-1.48,13.09,-39.1,100.19,0.4,19.77,66
2009-09-01,30.09,10,0.15,9.85,10.69,-1.29,11.97,-33.55,106.78,0.88,18.57,26
2009-10-01,29.05,9.5,0.12,9.38,9.69,-0.18,9.87,-0.6,87.69,0.58,19.06,37
2009-11-01,29.82,9,0.12,8.88,9.1,1.84,7.26,36.87,98.2,0.44,19.36,104
2009-12-01,30.24,8.75,0.12,8.63,8.8,2.72,6.08,83.61,97.71,0.48,14.91,60
2010-01-01,30.43,8.75,0.11,8.64,8.02,2.63,5.4,88.37,111.85,0.34,22.08,90
2010-02-01,29.95,8.5,0.13,8.37,7.18,2.14,5.04,95.27,114.37,0.42,18.2,96
2010-03-01,29.36,8.25,0.16,8.09,6.46,2.31,4.15,69.33,108.59,0.55,17.01,73
2010-04-01,29.29,8.25,0.2,8.05,6.04,2.24,3.8,69.31,99.71,0.79,20.62,55
2010-05-01,30.5,7.75,0.2,7.55,5.97,2.02,3.94,24.61,141.83,0.56,26.77,73
2010-06-01,31.2,7.75,0.18,7.57,5.74,1.05,4.69,8.15,133.76,0.53,21.08,100
2010-07-01,30.19,7.75,0.18,7.57,5.46,1.24,4.23,18.64,134.73,0.28,21.91,120
2010-08-01,30.66,7.75,0.19,7.56,6.04,1.15,4.89,7.82,117.39,0.39,16.9,164
2010-09-01,30.4,7.75,0.19,7.56,6.96,1.14,5.82,8.47,126.39,0.32,17.2,149
2010-10-01,30.78,7.75,0.19,7.56,7.5,1.17,6.33,8.02,115.86,0.24,17.02,133
2010-11-01,31.31,7.75,0.19,7.56,8.06,1.14,6.91,7.92,121.6,0.68,17.12,106
2010-12-01,30.48,7.75,0.18,7.57,8.78,1.5,7.28,19.75,131.64,0.63,14.1,101
2011-01-01,29.67,7.75,0.17,7.58,9.56,1.63,7.93,14.16,116.93,0.48,18.04,58
2011-02-01,28.94,5.25,0.16,5.09,9.47,2.11,7.36,17.18,93.16,0.33,13.26,67
2011-03-01,28.43,5.25,0.14,5.11,9.46,2.68,6.78,26.7,125.89,0.73,18.44,74
2011-04-01,27.5,5.25,0.1,5.15,9.61,3.16,6.45,30.36,117.93,0.25,16.57,83
2011-05-01,28.07,5.5,0.09,5.41,9.59,3.57,6.02,37.18,86,0.22,14.91,63
2011-06-01,28.08,5.5,0.09,5.41,9.42,3.56,5.86,27.79,112.6,0.29,18.84,39
2011-07-01,27.68,5.5,0.07,5.43,9.01,3.63,5.38,27.44,155.55,0.27,25.28,101
2011-08-01,28.86,5.5,0.1,5.4,8.16,3.77,4.39,12.68,212.03,0.38,60.87,102
2011-09-01,31.88,5.25,0.08,5.17,7.21,3.87,3.34,13.78,187.87,0.29,28.1,164
2011-10-01,29.9,5.25,0.07,5.18,7.19,3.53,3.67,5.51,171.79,0.31,29.69,114
2011-11-01,31.32,5.25,0.08,5.17,6.78,3.39,3.38,15.4,204.78,0.62,22.29,84
2011-12-01,32.2,5.25,0.07,5.18,6.1,2.96,3.14,10.29,192.61,0.46,23.17,59
2012-01-01,30.36,5.25,0.08,5.17,4.16,2.93,1.24,11.82,168.66,0.44,21.88,92
2012-02-01,28.95,5.25,0.1,5.15,3.74,2.87,0.87,14.41,149.38,0.89,18.29,119
2012-03-01,29.33,5.25,0.13,5.12,3.7,2.65,1.05,3.16,149.04,0.69,16.1,55
2012-04-01,29.36,5.25,0.14,5.11,3.57,2.3,1.27,-6.19,131.76,0.58,15.36,50
2012-05-01,32.45,5.25,0.16,5.09,3.61,1.7,1.91,-6.68,165.8,0.57,22.26,71
2012-06-01,32.82,5.25,0.16,5.09,4.3,1.66,2.63,-14.42,196.45,0.8,22.66,134
2012-07-01,32.19,5.25,0.16,5.09,5.59,1.41,4.18,-9.43,163.36,0.75,19.92,103
2012-08-01,32.29,5.25,0.13,5.12,5.95,1.69,4.26,9.02,127.32,0.38,16.61,65
2012-09-01,30.92,5.5,0.14,5.36,6.58,1.99,4.58,10.57,152.83,0.34,16.11,103
2012-10-01,31.53,5.5,0.16,5.34,6.55,2.16,4.39,3.69,163.14,0.44,17.12,125
2012-11-01,31.06,5.5,0.16,5.34,6.47,1.76,4.71,-10.7,171.54,0.3,15.51,76
2012-12-01,30.37,8.25,0.16,8.09,6.58,1.74,4.83,-10.45,166.3,0.44,16.37,137
2013-01-01,30.03,8.25,0.14,8.11,7.07,1.59,5.48,-5.37,165.62,0.36,17.57,111
2013-02-01,30.62,8.25,0.15,8.1,7.28,1.98,5.3,-6.83,126.06,0.45,18.75,69
2013-03-01,31.08,8.25,0.14,8.11,7.02,1.47,5.55,-12.23,139.04,0.4,17.91,70
2013-04-01,31.26,8.25,0.15,8.1,7.23,1.06,6.17,-10.9,135.22,0.52,15.79,55
2013-05-01,31.59,8.25,0.11,8.14,7.38,1.36,6.02,0.25,105.25,0.6,15.01,57
2013-06-01,32.71,8.25,0.09,8.16,6.88,1.75,5.13,16.22,117.82,0.56,16.89,173
2013-07-01,32.89,8.25,0.09,8.16,6.45,1.96,4.49,18.78,107.87,0.3,15.04,75
2013-08-01,33.25,8.25,0.08,8.17,6.49,1.52,4.97,13.09,125.25,0.6,13.4,94
2013-09-01,32.35,5.5,0.08,5.42,6.13,1.18,4.95,12.34,132.2,0.99,19.15,132
2013-10-01,32.06,5.5,0.09,5.41,6.25,0.96,5.29,12.23,152.16,0.5,19.51,179
2013-11-01,33.19,5.5,0.08,5.42,6.48,1.24,5.24,8.22,96.52,0.64,15.26,83
2013-12-01,32.73,5.5,0.09,5.41,6.45,1.5,4.95,10.91,121.76,0.39,15.09,82
2014-01-01,35.24,5.5,0.07,5.43,6.05,1.58,4.47,0.25,113.11,0.52,15.26,111
2014-02-01,36.05,5.5,0.07,5.43,6.2,1.13,5.07,5.66,96.03,0.61,11.62,103
2014-03-01,35.69,7,0.08,6.92,6.92,1.51,5.4,7.91,111.73,2.33,15.19,97
2014-04-01,35.7,7.5,0.09,7.41,7.33,1.95,5.38,10.98,105.48,1.54,18.06,64
2014-05-01,34.74,7.5,0.09,7.41,7.59,2.13,5.46,7.63,106.49,1.04,13.74,116
2014-06-01,33.63,7.5,0.1,7.4,7.8,2.07,5.73,9.88,89.34,0.82,11.84,74
2014-07-01,35.73,8,0.09,7.91,7.45,1.99,5.46,-1.42,97.24,1.85,14.06,111
2014-08-01,36.93,8,0.09,7.91,7.56,1.7,5.86,-9.51,107.81,1.49,14.35,123
2014-09-01,39.39,8,0.09,7.91,8.03,1.66,6.37,-12.33,129.71,1.51,11.19,82
2014-10-01,43.39,8,0.09,7.91,8.3,1.66,6.63,-16.06,122.64,0.48,21.93,89
2014-11-01,47.66,9.5,0.09,9.41,9.07,1.32,7.75,-19.33,120.16,0.78,13.9,42
2014-12-01,56.26,17,0.12,16.88,11.36,0.76,10.61,-39.59,113.89,0.73,14.29,55
2015-01-01,68.93,17,0.11,16.89,14.97,-0.09,15.06,-49.92,142.65,0.64,23.34,168
2015-02-01,61.27,15,0.11,14.89,16.71,-0.03,16.73,-49.5,118.92,1.36,14.08,144
2015-03-01,58.46,14,0.11,13.89,16.93,-0.07,17,-52.49,106.73,0.79,12.38,150
2015-04-01,51.7,14,0.12,13.88,16.42,-0.2,16.62,-46.78,100.93,0.82,14.47,108
2015-05-01,52.97,12.5,0.12,12.38,15.78,-0.04,15.82,-41.77,103.19,0.45,11.77,104
2015-06-01,55.52,11.5,0.13,11.37,15.29,0.12,15.16,-43.15,115.41,0.71,14.93,115
2015-07-01,58.99,11.5,0.13,11.37,15.64,0.17,15.47,-50.27,127.98,0.82,23.86,148
2015-08-01,66.48,11,0.14,10.86,15.77,0.2,15.57,-55.45,130.18,0.6,31.48,222
2015-09-01,66.24,11,0.14,10.86,15.68,-0.04,15.71,-51.21,178.06,1.07,24.71,276
2015-10-01,64.37,11,0.12,10.88,15.59,0.17,15.42,-45.18,125.85,1.2,19.64,199
2015-11-01,66.24,11,0.12,10.88,14.98,0.5,14.48,-43.75,100.64,1.67,13.43,91
2015-12-01,72.88,11,0.24,10.76,12.91,0.73,12.18,-36.77,116.66,0.97,16.98,120
2016-01-01,75.17,11,0.34,10.66,9.77,1.37,8.39,-33.17,146.44,0.7,28.64,188
2016-02-01,75.09,11,0.38,10.62,8.06,1.02,7.04,-40.27,155.38,1.19,24.87,203
2016-03-01,67.61,11,0.36,10.64,7.26,0.85,6.41,-20.68,169.46,0.78,17.74,126
2016-04-01,64.33,11,0.37,10.63,7.24,1.13,6.11,-24.54,147.88,0.78,13.3,94
2016-05-01,66.08,11,0.37,10.63,7.3,1.02,6.28,-21.13,130.77,0.66,14.47,67
2016-06-01,64.26,10.5,0.38,10.12,7.48,1,6.49,-18.45,235.7,0.54,20.14,358
2016-07-01,67.05,10.5,0.39,10.11,7.21,0.83,6.38,-12.31,227.77,0.76,16.57,273
2016-08-01,64.91,10.5,0.4,10.1,6.84,1.06,5.78,4.29,146.62,0.94,14.33,132
2016-09-01,63.16,10,0.4,9.6,6.42,1.46,4.95,-0.68,154.22,1.05,13.76,109
2016-10-01,62.9,10,0.4,9.6,6.09,1.64,4.45,7.65,131.36,1,13.28,124
2016-11-01,64.94,10,0.41,9.59,5.76,1.69,4.07,6.78,241.84,0.98,18.36,291
2016-12-01,60.66,10,0.54,9.46,5.38,2.07,3.3,39.19,231.63,1.26,12.27,157
2017-01-01,60.16,10,0.65,9.35,5.02,2.5,2.52,65.37,275.3,1.24,17.74,230
2017-02-01,57.94,10,0.66,9.34,4.59,2.74,1.85,75.95,208.11,1.08,15.7,132
2017-03-01,56.38,9.75,0.79,8.96,4.25,2.38,1.87,30.24,245.85,0.79,14.35,120
2017-04-01,56.98,9.75,0.9,8.85,4.13,2.2,1.93,24.72,181.68,1.44,17.04,131
2017-05-01,56.52,9.25,0.91,8.34,4.09,1.87,2.22,3.67,167.46,0.87,11.8,109
2017-06-01,59.09,9,1.04,7.96,4.35,1.63,2.72,-7.39,170.78,0.83,12.23,131
2017-07-01,59.54,9,1.15,7.85,3.86,1.73,2.14,3.75,150.22,1.37,14.35,156
2017-08-01,58.73,9,1.16,7.84,3.29,1.94,1.35,7.37,141.24,1.08,16.16,132
2017-09-01,58.02,8.5,1.15,7.35,2.96,2.23,0.73,10.03,160.92,1.18,9.57,112
2017-10-01,57.87,8.25,1.15,7.1,2.73,2.04,0.69,3.54,155.99,0.74,12.17,79
2017-11-01,58.33,8.25,1.16,7.09,2.5,2.2,0.3,24.78,160.73,0.63,15.36,84
2017-12-01,57.6,7.75,1.3,6.45,2.52,2.11,0.41,11.27,155.04,0.79,18.27,94
2018-01-01,56.29,7.75,1.41,6.34,2.21,2.07,0.14,20.97,146.56,1.03,17.54,76
2018-02-01,55.67,7.5,1.42,6.08,2.2,2.21,-0.01,16.42,127.24,0.74,26.63,128
2018-03-01,57.26,7.25,1.51,5.74,2.36,2.36,0,27.28,163,1.42,17.6,119
2018-04-01,62,7.25,1.69,5.56,2.41,2.46,-0.05,29.58,162.13,1.77,17.06,104
2018-05-01,62.59,7.25,1.7,5.55,2.42,2.8,-0.38,43.94,175.52,1.26,15.95,153
2018-06-01,62.76,7.25,1.82,5.43,2.3,2.87,-0.57,50.22,177.61,0.89,12.35,101
2018-07-01,62.78,7.25,1.91,5.34,2.5,2.95,-0.45,52.58,228.81,1.14,12.58,128
2018-08-01,68.08,7.25,1.91,5.34,3.07,2.7,0.37,41.37,188.56,1.16,14.98,126
2018-09-01,65.59,7.5,1.95,5.55,3.39,2.28,1.11,41.13,205.74,0.82,18.34,102
2018-10-01,65.77,7.5,2.19,5.31,3.55,2.52,1.02,37.19,231.89,1.01,24.37,122
2018-11-01,66.63,7.5,2.2,5.3,3.83,2.18,1.66,-0.97,260.53,0.83,22.66,135
2018-12-01,69.47,7.75,2.27,5.48,4.27,1.91,2.36,-15.54,274.74,0.93,39.39,317
2019-01-01,66.1,7.75,2.4,5.35,5,1.55,3.45,-19.43,263.59,1,38.01,281
2019-02-01,65.76,7.75,2.4,5.35,5.24,1.52,3.72,-11.62,213.66,1.06,16.68,245
2019-03-01,64.73,7.75,2.41,5.34,5.27,1.86,3.41,-7.42,260.04,0.56,20.77,159
2019-04-01,64.69,7.75,2.42,5.33,5.17,2,3.18,-3.68,202.29,0.81,18.81,87
2019-05-01,65.06,7.75,2.39,5.36,5.13,1.79,3.34,-13.1,255.74,0.97,19.53,109
2019-06-01,63.08,7.5,2.38,5.12,4.66,1.65,3.01,-19.46,337.76,0.9,19.79,394
2019-07-01,63.38,7.25,2.4,4.85,4.59,1.81,2.78,-19.27,271.12,0.8,21.45,327
2019-08-01,66.49,7.25,2.13,5.12,4.33,1.75,2.58,-19.28,321,0.84,30.88,407
2019-09-01,64.42,7,2.04,4.96,3.99,1.71,2.28,-18.99,290.41,0.58,16.24,292
2019-10-01,63.87,6.5,1.83,4.67,3.77,1.76,2,-23.73,273.53,1.07,13.92,373
2019-11-01,64.08,6.5,1.55,4.95,3.54,2.05,1.49,0.87,267.39,0.47,18.75,263
2019-12-01,61.91,6.25,1.55,4.7,3.05,2.29,0.76,22.38,281.98,0.58,21.41,257
2020-01-01,63.04,6.25,1.55,4.7,2.42,2.49,-0.06,12.67,239.1,1.18,15.69,200
2020-02-01,66.99,6,1.58,4.42,2.31,2.33,-0.02,-7.98,235.76,0.66,24.44,262
2020-03-01,77.73,6,0.65,5.35,2.55,1.54,1.01,-49.6,354.97,0.43,63.36,196
2020-04-01,73.69,5.5,0.05,5.45,3.1,0.33,2.77,-73.42,367.47,0.35,38.32,105
2020-05-01,70.75,5.5,0.05,5.45,3.03,0.12,2.91,-52.62,437.08,0.29,35.74,117
2020-06-01,69.95,4.5,0.08,4.42,3.21,0.65,2.57,-29.91,342.27,0.49,37.05,135
2020-07-01,73.36,4.25,0.09,4.16,3.37,0.99,2.38,-29.04,350.27,0.4,28.31,157
2020-08-01,74.64,4.25,0.1,4.15,3.57,1.31,2.26,-22.72,313.39,0.51,29.67,140
2020-09-01,79.68,4.25,0.09,4.16,3.67,1.37,2.3,-30.36,299.02,0.93,20.93,175
2020-10-01,79.33,4.25,0.09,4.16,3.98,1.18,2.8,-26.97,310.66,0.85,30.43,101
2020-11-01,75.86,4.25,0.09,4.16,4.42,1.17,3.25,-26.97,378.91,0.45,20.5,139
2020-12-01,73.88,4.25,0.09,4.16,4.91,1.36,3.55,-21.38,301.49,0.58,22.39,55
2021-01-01,76.25,4.25,0.09,4.16,5.19,1.4,3.79,-10.17,288.18,0.59,26.76,129
2021-02-01,74.44,4.25,0.08,4.17,5.67,1.68,3.99,17.05,220.64,0.51,24.27,100
2021-03-01,75.7,4.5,0.07,4.43,5.78,2.62,3.16,112.08,220.97,0.63,29.48,152
2021-04-01,74.38,5,0.07,4.93,5.52,4.16,1.36,261.81,207.93,1.2,24.68,44
2021-05-01,73.59,5,0.06,4.94,6.01,4.99,1.02,126.4,195.98,0.83,19.79,133
2021-06-01,72.37,5.5,0.08,5.42,6.51,5.39,1.12,86.29,187.23,0.83,21.95,152
2021-07-01,73.14,6.5,0.1,6.4,6.47,5.37,1.1,78.29,206.02,0.49,16.62,123
2021-08-01,73.57,6.5,0.09,6.41,6.69,5.25,1.44,60.19,222.9,0.69,19.64,189
2021-09-01,72.76,6.75,0.08,6.67,7.41,5.39,2.02,80.65,208.52,0.6,23.48,217
2021-10-01,70.52,7.5,0.08,7.42,8.14,6.22,1.91,106.48,200.58,0.55,19.68,80
2021-11-01,74.98,7.5,0.08,7.42,8.4,6.81,1.59,91.1,228.85,1.21,14.14,244
2021-12-01,74.29,8.5,0.08,8.42,8.39,7.04,1.36,52.54,270.54,1.72,16.7,230
2022-01-01,77.82,8.5,0.08,8.42,8.74,7.48,1.26,60.61,240.49,2.78,20.5,226
2022-02-01,83.55,20,0.08,19.92,9.16,7.87,1.29,54.65,202.07,5.4,23.03,292
2022-03-01,84.09,20,0.2,19.8,16.7,8.54,8.16,74.32,338.13,8.8,23.05,366
2022-04-01,71.02,17,0.33,16.67,17.8,8.26,9.54,66.05,322.65,4.83,20.31,345
2022-05-01,63.1,11,0.77,10.23,17.1,8.58,8.52,68.37,302.72,3.19,27.86,266
2022-06-01,51.16,9.5,1.21,8.29,15.9,9.06,6.84,60.66,291.81,3.03,17.1,189
2022-07-01,61.31,8,1.68,6.32,15.1,8.52,6.58,40.4,327.86,2.7,24.54,284
2022-08-01,60.37,8,2.33,5.67,14.3,8.26,6.04,38.04,262.56,2.42,14.14,183
2022-09-01,57.41,7.5,2.56,4.94,13.7,8.2,5.5,17.98,288.36,3.02,16.86,272
2022-10-01,61.53,7.5,3.08,4.42,12.6,7.75,4.85,7.28,306.82,3.39,20.87,231
2022-11-01,61.07,7.5,3.78,3.72,12,7.11,4.89,6.3,345.51,2.46,17.71,258
2022-12-01,70.34,7.5,4.1,3.4,11.9,6.45,5.45,6.66,278.5,2.28,21.68,206
2023-01-01,69.59,7.5,4.33,3.17,11.8,6.41,5.39,-6.04,262.31,1.97,20.09,210
2023-02-01,75.43,7.5,4.57,2.93,11,6.04,4.96,-15.92,260.53,2.3,18.83,203
2023-03-01,77.09,7.5,4.65,2.85,3.5,4.98,-1.48,-32.34,328.4,2.05,31.19,222
2023-04-01,80.51,7.5,4.83,2.67,2.3,4.93,-2.63,-22.41,249.85,1.81,21.04,237
2023-05-01,80.69,7.5,5.06,2.44,2.5,4.05,-1.55,-34.67,230.89,1.9,23.97,292
2023-06-01,87.03,7.5,5.08,2.42,3.2,2.97,0.23,-38.69,243.78,2.22,18.83,245
2023-07-01,90.98,8.5,5.12,3.38,4.3,3.18,1.12,-25.66,241.79,2.07,18.11,111
2023-08-01,95.93,12,5.33,6.67,5.2,3.67,1.53,-13.15,229.01,1.97,17.28,194
2023-09-01,97.41,13,5.33,7.67,6,3.7,2.3,5.74,262.2,1.91,19.57,178
2023-10-01,93.24,15,5.33,9.67,6.7,3.24,3.46,-2.08,240.39,1.84,16.61,206